HATS_F113_YYYY,HATS_F113_MM,HATS_NH_F113,HATS_NH_F113_sd,HATS_SH_F113,HATS_SH_F113_sd,HATS_Global_F113,HATS_Global_F113_sd,HATS_alt_F113,HATS_alt_F113_sd,HATS_sum_F113,HATS_sum_F113_sd,HATS_brw_F113,HATS_brw_F113_sd,HATS_mhd_F113,HATS_mhd_F113_sd,HATS_thd_F113,HATS_thd_F113_sd,HATS_nwr_F113,HATS_nwr_F113_sd,HATS_kum_F113,HATS_kum_F113_sd,HATS_mlo_F113,HATS_mlo_F113_sd,HATS_smo_F113,HATS_smo_F113_sd,HATS_cgo_F113,HATS_cgo_F113_sd,HATS_psa_F113,HATS_psa_F113_sd,HATS_spo_F113,HATS_spo_F113_sd,HATS_F113_Programs
1992,2,82.341,0.248,76.475,0.628,79.408,0.675,83.502,0.495,nan,nan,82.910,0.140,nan,nan,nan,nan,82.470,0.145,nan,nan,82.000,0.295,76.158,0.610,76.880,0.650,nan,nan,nan,nan,000001
1992,3,82.396,0.685,nan,nan,nan,nan,84.146,1.088,nan,nan,82.521,1.845,nan,nan,nan,nan,83.208,0.183,nan,nan,81.545,0.300,76.233,0.679,nan,nan,nan,nan,nan,nan,000001
1992,4,82.580,0.260,76.893,0.453,79.736,0.523,85.432,0.943,nan,nan,83.140,0.500,nan,nan,nan,nan,83.660,0.005,nan,nan,81.310,0.070,77.220,0.552,76.475,0.282,nan,nan,nan,nan,000001
1992,5,82.452,0.325,76.974,1.062,79.713,1.111,85.316,0.734,nan,nan,82.480,0.110,nan,nan,nan,nan,83.282,0.165,nan,nan,81.506,0.387,77.327,1.401,76.522,0.250,nan,nan,nan,nan,000001
1992,6,82.286,0.542,77.466,0.541,79.876,0.766,85.002,0.692,nan,nan,81.522,1.068,nan,nan,nan,nan,82.813,0.087,nan,nan,81.777,0.562,77.902,0.700,76.909,0.203,nan,nan,nan,nan,000001
1992,7,82.688,0.516,77.629,0.933,80.158,1.067,85.577,0.627,nan,nan,82.880,0.756,nan,nan,nan,nan,83.301,0.405,nan,nan,81.878,0.518,78.164,1.280,77.090,0.335,nan,nan,77.090,0.215,000001
1992,8,83.571,0.709,78.109,0.235,80.840,0.747,85.830,0.875,nan,nan,83.385,0.925,nan,nan,nan,nan,84.429,0.430,nan,nan,82.706,0.810,78.423,0.150,78.026,0.299,nan,nan,76.920,0.290,000001
1992,9,83.498,0.772,78.507,0.586,81.002,0.969,85.673,0.496,nan,nan,83.574,0.890,nan,nan,nan,nan,84.682,0.805,nan,nan,82.317,0.735,78.139,0.291,78.470,0.164,nan,nan,80.394,1.660,000001
1992,10,82.870,0.676,78.070,0.326,80.470,0.751,85.166,0.561,nan,nan,82.623,0.735,nan,nan,nan,nan,84.012,0.589,nan,nan,81.786,0.736,78.186,0.366,77.949,0.109,nan,nan,77.970,0.570,000001
1992,11,82.816,0.541,78.866,0.609,80.841,0.815,85.438,0.418,nan,nan,83.278,0.643,nan,nan,nan,nan,83.848,0.647,nan,nan,81.630,0.417,79.038,0.531,78.328,0.383,nan,nan,80.052,1.276,000001
1992,12,83.323,0.435,79.793,0.592,81.558,0.734,85.576,0.294,nan,nan,82.933,0.422,nan,nan,nan,nan,84.048,0.581,nan,nan,82.612,0.282,80.060,0.427,79.248,0.410,nan,nan,80.553,1.353,000001
1993,1,83.231,0.434,79.642,0.617,81.436,0.754,85.407,0.295,nan,nan,82.882,0.383,nan,nan,nan,nan,84.225,0.529,nan,nan,82.301,0.365,79.715,0.699,79.497,0.302,nan,nan,79.836,0.971,000001
1993,2,83.436,0.345,79.868,0.462,81.652,0.577,85.151,0.151,nan,nan,83.277,0.272,nan,nan,nan,nan,84.440,0.480,nan,nan,82.496,0.220,80.156,0.286,79.364,0.190,nan,nan,80.370,1.225,000001
1993,3,83.750,0.377,79.846,0.586,81.798,0.697,85.309,0.310,nan,nan,84.139,0.726,nan,nan,nan,nan,84.548,0.389,nan,nan,82.869,0.226,79.708,0.699,79.522,0.195,nan,nan,81.710,0.890,000001
1993,4,83.610,0.150,79.436,0.612,81.523,0.630,86.014,0.228,nan,nan,83.278,0.245,nan,nan,nan,nan,84.248,0.160,nan,nan,82.943,0.095,79.374,0.764,79.042,0.238,nan,nan,81.206,0.751,000001
1993,5,83.246,0.319,79.669,0.619,81.457,0.696,85.627,0.303,nan,nan,81.890,0.040,nan,nan,nan,nan,84.036,0.380,nan,nan,82.690,0.300,79.866,0.793,78.947,0.085,nan,nan,81.419,0.781,000001
1993,6,83.406,0.191,80.534,0.254,81.970,0.318,85.372,0.422,nan,nan,82.539,0.357,nan,nan,nan,nan,83.982,0.095,nan,nan,82.952,0.159,80.932,0.070,79.619,0.198,nan,nan,82.050,0.667,000001
1993,7,83.798,0.183,80.710,0.394,82.254,0.435,84.944,0.469,nan,nan,84.216,0.175,nan,nan,nan,nan,84.244,0.232,nan,nan,83.234,0.029,80.899,0.450,79.975,0.150,nan,nan,82.556,0.652,000001
1993,8,83.818,0.198,81.369,0.580,82.593,0.613,85.160,0.485,nan,nan,84.845,0.245,nan,nan,nan,nan,84.068,0.140,nan,nan,83.257,0.180,81.620,0.630,81.048,0.375,nan,nan,81.371,0.882,000001
1993,9,83.891,0.232,81.545,0.655,82.718,0.694,85.392,0.455,nan,nan,84.377,0.395,nan,nan,nan,nan,84.089,0.189,nan,nan,83.481,0.175,81.826,0.534,81.254,0.799,nan,nan,81.288,0.573,000001
1993,10,84.136,0.184,81.421,0.724,82.778,0.747,85.646,0.234,nan,nan,84.299,0.140,nan,nan,nan,nan,84.409,0.253,nan,nan,83.737,0.101,81.392,0.795,81.255,0.690,nan,nan,82.179,0.434,000001
1993,11,84.231,0.267,81.515,1.292,82.873,1.320,85.780,0.245,nan,nan,85.123,0.295,nan,nan,nan,nan,84.492,0.375,nan,nan,83.673,0.113,81.994,1.700,80.463,0.665,nan,nan,83.156,0.661,000001
1993,12,84.140,0.288,81.944,0.510,83.042,0.586,86.214,0.470,nan,nan,84.958,0.430,nan,nan,nan,nan,84.312,0.358,nan,nan,83.622,0.104,82.680,0.270,80.936,0.706,nan,nan,82.193,0.513,000001
1994,1,84.128,0.172,81.635,0.438,82.882,0.471,85.749,0.151,nan,nan,84.247,0.045,nan,nan,nan,nan,84.466,0.272,nan,nan,83.676,0.021,82.406,0.470,80.570,0.405,nan,nan,81.931,0.400,000001
1994,2,83.958,0.550,82.125,0.640,83.042,0.843,85.047,0.252,nan,nan,84.230,0.744,nan,nan,nan,nan,84.232,0.775,nan,nan,83.573,0.157,82.200,0.774,82.048,0.449,nan,nan,82.054,0.528,000001
1994,3,84.090,0.691,82.795,0.627,83.443,0.933,85.473,0.710,nan,nan,84.701,0.819,nan,nan,nan,nan,84.066,0.825,nan,nan,83.844,0.514,82.567,0.480,83.116,0.815,nan,nan,82.683,0.404,000001
1994,4,84.717,0.254,82.990,0.432,83.853,0.501,85.624,0.135,nan,nan,85.079,0.450,nan,nan,nan,nan,85.154,0.024,nan,nan,84.195,0.300,82.528,0.510,83.673,0.310,nan,nan,82.644,0.414,000001
1994,5,84.912,0.288,82.978,0.541,83.945,0.612,85.786,0.375,nan,nan,85.057,0.140,nan,nan,nan,nan,85.307,0.328,nan,nan,84.478,0.268,82.932,0.643,82.970,0.450,nan,nan,83.229,0.215,000001
1994,6,84.555,0.438,83.046,0.255,83.800,0.507,85.953,0.422,nan,nan,85.694,0.260,nan,nan,nan,nan,84.650,0.620,nan,nan,84.089,0.255,83.153,0.310,82.827,0.159,nan,nan,83.351,0.254,000001
1994,7,84.608,0.274,82.759,0.201,83.683,0.340,85.917,0.221,nan,nan,85.421,0.363,nan,nan,nan,nan,84.858,0.167,nan,nan,84.099,0.321,82.886,0.170,82.503,0.188,nan,nan,83.107,0.340,000001
1994,8,84.655,0.357,82.805,0.227,83.730,0.423,85.232,0.398,nan,nan,84.595,0.420,nan,nan,nan,nan,85.022,0.410,nan,nan,84.316,0.285,82.899,0.120,82.832,0.242,nan,nan,82.261,0.447,000001
1994,9,84.334,0.266,83.410,0.961,83.872,0.997,85.293,0.318,nan,nan,84.274,0.430,nan,nan,nan,nan,84.282,0.300,nan,nan,84.300,0.163,83.857,1.300,82.988,0.329,nan,nan,82.858,0.553,000001
1994,10,84.802,0.312,83.501,1.059,84.151,1.104,85.394,0.312,nan,nan,84.844,0.207,nan,nan,nan,nan,84.582,0.300,nan,nan,84.916,0.341,83.852,1.400,83.059,0.472,nan,nan,83.477,0.693,000001
1994,11,85.174,0.435,83.299,0.383,84.237,0.579,85.606,0.197,nan,nan,85.415,0.332,nan,nan,nan,nan,85.233,0.125,nan,nan,85.031,0.601,83.347,0.445,83.136,0.221,nan,nan,83.681,0.515,000001
1994,12,84.966,0.448,83.477,0.345,84.222,0.565,85.310,0.580,nan,nan,85.553,0.580,nan,nan,nan,nan,84.860,0.375,nan,nan,84.887,0.453,83.257,0.409,83.818,0.217,nan,nan,83.256,0.400,000001
1995,1,84.705,0.272,83.436,0.297,84.071,0.402,85.191,0.620,nan,nan,85.440,0.285,nan,nan,nan,nan,84.670,0.160,nan,nan,84.522,0.287,83.169,0.111,83.798,0.190,nan,nan,83.363,0.802,000001
1995,2,84.600,0.393,82.950,0.280,83.775,0.483,85.272,0.403,nan,nan,85.026,0.446,nan,nan,nan,nan,84.513,0.468,nan,nan,84.511,0.304,82.806,0.260,83.201,0.309,nan,nan,82.697,0.260,001001
1995,3,84.244,0.193,82.590,0.220,83.417,0.293,85.428,0.095,nan,nan,85.311,0.228,nan,nan,nan,nan,84.268,0.198,nan,nan,83.872,0.187,82.837,0.297,82.310,0.083,nan,nan,82.461,0.121,001001
1995,4,84.277,0.223,82.761,0.369,83.519,0.431,85.077,0.317,nan,nan,85.078,0.221,nan,nan,nan,nan,84.525,0.295,nan,nan,83.819,0.120,83.138,0.490,82.318,0.145,nan,nan,82.618,0.268,001001
1995,5,84.704,0.374,82.927,0.284,83.816,0.470,85.014,0.305,nan,nan,85.139,0.327,nan,nan,nan,nan,84.926,0.500,nan,nan,84.396,0.250,83.237,0.345,82.532,0.157,nan,nan,82.924,0.329,001001
1995,6,84.530,0.223,83.042,0.324,83.786,0.394,85.521,0.157,nan,nan,85.116,0.322,nan,nan,nan,nan,84.356,0.200,nan,nan,84.446,0.218,83.321,0.331,82.739,0.314,nan,nan,82.838,0.333,001001
1995,7,84.437,0.252,83.153,0.255,83.795,0.358,85.713,0.824,nan,nan,85.065,0.403,nan,nan,nan,nan,84.128,0.093,nan,nan,84.427,0.167,83.209,0.272,82.887,0.158,nan,nan,83.880,0.416,001001
1995,8,84.647,0.219,83.414,0.327,84.031,0.394,85.220,0.186,nan,nan,85.012,0.177,nan,nan,nan,nan,84.734,0.249,nan,nan,84.441,0.204,83.390,0.286,83.232,0.159,nan,nan,84.208,0.730,001001
1995,9,84.850,0.190,83.634,0.409,84.242,0.451,84.987,0.425,nan,nan,84.741,0.204,nan,nan,nan,nan,85.077,0.187,nan,nan,84.679,0.149,83.761,0.250,83.393,0.542,nan,nan,83.923,0.438,001001
1995,10,84.714,0.322,83.394,0.446,84.054,0.550,84.949,0.202,nan,nan,84.762,0.747,nan,nan,nan,nan,84.838,0.217,nan,nan,84.580,0.228,83.458,0.587,83.397,0.211,nan,nan,83.083,0.287,001001
1995,11,84.617,0.364,83.251,0.666,83.934,0.758,85.021,0.420,nan,nan,85.009,0.411,nan,nan,nan,nan,84.791,0.212,84.420,0.485,84.547,0.296,83.208,0.900,83.303,0.286,nan,nan,83.265,0.205,001001
1995,12,84.478,0.309,83.228,0.385,83.853,0.493,84.993,0.256,nan,nan,85.406,0.325,nan,nan,nan,nan,84.798,0.127,84.050,0.445,84.388,0.239,83.310,0.510,83.078,0.174,nan,nan,83.396,0.236,001001
1996,1,84.528,0.240,83.472,0.172,84.000,0.296,84.948,0.424,nan,nan,85.169,0.179,nan,nan,nan,nan,84.557,0.255,84.442,0.253,84.406,0.199,83.804,0.191,83.074,0.110,nan,nan,83.373,0.253,001001
1996,2,84.600,0.268,83.573,0.195,84.087,0.332,84.885,0.244,nan,nan,85.096,0.174,nan,nan,nan,nan,84.637,0.284,84.476,0.259,84.555,0.283,84.053,0.107,83.056,0.214,nan,nan,83.218,0.370,001001
1996,3,84.586,0.202,83.534,0.385,84.060,0.435,85.119,0.145,nan,nan,84.897,0.291,nan,nan,nan,nan,84.752,0.194,84.425,0.232,84.493,0.149,83.976,0.477,83.029,0.264,nan,nan,83.305,0.248,001001
1996,4,84.560,0.154,83.293,0.211,83.927,0.262,85.112,0.250,nan,nan,84.830,0.178,nan,nan,nan,nan,84.776,0.226,84.474,0.095,84.359,0.104,83.516,0.226,82.956,0.189,nan,nan,83.489,0.217,001001
1996,5,84.464,0.194,83.313,0.345,83.888,0.396,85.084,0.231,nan,nan,84.885,0.147,nan,nan,nan,nan,84.597,0.219,84.342,0.186,84.324,0.186,83.371,0.454,83.198,0.159,nan,nan,83.461,0.224,001001
1996,6,84.487,0.180,83.381,0.150,83.934,0.234,84.882,0.238,nan,nan,84.756,0.251,nan,nan,nan,nan,84.733,0.226,84.412,0.171,84.264,0.104,83.461,0.108,83.258,0.173,nan,nan,83.456,0.215,001001
1996,7,84.466,0.196,83.479,0.313,83.973,0.369,84.617,0.147,nan,nan,84.667,0.217,nan,nan,nan,nan,84.484,0.166,84.408,0.237,84.451,0.170,83.459,0.378,83.467,0.194,nan,nan,83.625,0.334,001001
1996,8,84.525,0.288,83.516,0.298,84.021,0.414,84.419,0.223,nan,nan,84.613,0.222,nan,nan,nan,nan,84.458,0.274,84.408,0.299,84.688,0.305,83.478,0.366,83.501,0.194,nan,nan,83.753,0.250,001001
1996,9,84.388,0.212,83.404,0.345,83.896,0.405,84.636,0.138,nan,nan,84.557,0.198,nan,nan,nan,nan,84.363,0.222,84.255,0.183,84.482,0.238,83.344,0.453,83.419,0.178,nan,nan,83.638,0.191,001001
1996,10,84.330,0.182,83.322,0.276,83.826,0.330,84.787,0.162,nan,nan,84.276,0.202,nan,nan,nan,nan,84.398,0.204,84.378,0.180,84.196,0.159,83.284,0.296,83.354,0.219,nan,nan,83.384,0.355,001001
1996,11,84.251,0.189,83.460,0.326,83.855,0.377,84.714,0.137,nan,nan,84.357,0.127,nan,nan,nan,nan,84.199,0.234,84.344,0.212,84.134,0.131,83.551,0.359,83.287,0.300,nan,nan,83.667,0.245,001001
1996,12,84.231,0.143,83.612,0.273,83.921,0.308,84.434,0.224,nan,nan,84.558,0.154,nan,nan,nan,nan,84.341,0.179,84.127,0.084,84.151,0.146,83.805,0.359,83.312,0.131,nan,nan,83.813,0.163,001001
1997,1,84.273,0.230,83.411,0.185,83.842,0.296,84.425,0.395,nan,nan,84.616,0.150,nan,nan,nan,nan,84.180,0.221,84.250,0.195,84.279,0.262,83.581,0.187,83.148,0.187,nan,nan,83.579,0.166,001001
1997,2,84.302,0.218,83.226,0.420,83.764,0.473,84.448,0.292,nan,nan,84.436,0.144,nan,nan,nan,nan,84.183,0.240,84.296,0.294,84.360,0.048,83.225,0.554,83.216,0.212,nan,nan,83.272,0.212,001001
1997,3,84.218,0.202,83.282,0.337,83.750,0.393,84.445,0.217,nan,nan,84.342,0.133,nan,nan,nan,nan,84.294,0.126,84.331,0.211,83.995,0.248,83.421,0.326,83.140,0.383,nan,nan,83.144,0.164,001001
1997,4,84.077,0.239,83.274,0.255,83.676,0.349,84.533,0.198,nan,nan,84.366,0.102,nan,nan,nan,nan,84.464,0.242,83.790,0.325,83.941,0.141,83.330,0.281,83.229,0.174,nan,nan,83.176,0.355,001001
1997,5,84.041,0.300,83.108,0.336,83.575,0.450,84.652,0.166,nan,nan,84.324,0.117,nan,nan,nan,nan,84.279,0.172,83.714,0.449,84.052,0.223,83.101,0.441,83.127,0.171,nan,nan,83.074,0.185,001001
1997,6,83.975,0.277,83.126,0.283,83.551,0.396,84.352,0.220,nan,nan,84.267,0.501,nan,nan,nan,nan,84.159,0.216,83.678,0.277,84.023,0.254,83.073,0.342,83.206,0.159,nan,nan,83.081,0.335,001001
1997,7,83.849,0.158,83.151,0.261,83.500,0.305,83.949,0.311,nan,nan,84.113,0.159,nan,nan,nan,nan,83.972,0.192,83.699,0.121,83.830,0.137,83.163,0.358,83.135,0.088,nan,nan,83.150,0.085,001001
1997,8,83.677,0.221,83.029,0.242,83.353,0.328,83.800,0.448,nan,nan,83.892,0.114,nan,nan,nan,nan,83.873,0.194,83.445,0.289,83.689,0.134,82.960,0.306,83.061,0.124,nan,nan,83.238,0.227,001001
1997,9,83.689,0.218,83.006,0.161,83.348,0.271,83.976,0.293,nan,nan,83.766,0.229,nan,nan,nan,nan,83.839,0.187,83.569,0.183,83.643,0.259,82.937,0.073,83.092,0.178,nan,nan,83.018,0.319,001001
1997,10,83.663,0.275,82.965,0.409,83.314,0.493,83.931,0.108,nan,nan,83.654,0.147,nan,nan,nan,nan,83.872,0.159,83.453,0.164,83.681,0.428,82.970,0.312,82.961,0.518,nan,nan,82.956,0.351,001001
1997,11,83.684,0.166,82.899,0.277,83.292,0.323,83.957,0.333,nan,nan,83.451,0.275,nan,nan,nan,nan,83.854,0.113,83.508,0.173,83.750,0.136,82.915,0.273,82.833,0.278,nan,nan,83.075,0.297,001001
1997,12,83.745,0.283,82.980,0.269,83.363,0.390,84.016,0.195,nan,nan,83.486,0.391,nan,nan,nan,nan,83.857,0.192,83.706,0.252,83.728,0.345,83.014,0.306,82.830,0.128,83.225,0.347,83.127,0.356,001001
1998,1,83.698,0.225,83.124,0.383,83.411,0.444,84.014,0.253,nan,nan,83.693,0.091,nan,nan,nan,nan,83.620,0.236,83.684,0.299,83.749,0.130,83.092,0.531,82.737,0.169,84.670,0.190,83.106,0.237,001101
1998,2,83.511,0.286,82.959,0.288,83.235,0.405,83.653,0.406,nan,nan,83.523,0.355,nan,nan,nan,nan,83.563,0.228,83.406,0.306,83.558,0.275,83.046,0.350,82.541,0.217,83.970,0.300,83.046,0.139,001101
1998,3,83.482,0.264,82.514,0.357,82.998,0.444,83.674,0.394,nan,nan,83.310,0.560,nan,nan,nan,nan,83.680,0.228,83.407,0.182,83.417,0.238,82.646,0.345,82.418,0.402,81.740,0.255,83.056,0.320,001101
1998,4,83.417,0.263,82.571,0.367,82.994,0.452,83.607,0.549,nan,nan,83.327,0.712,nan,nan,nan,nan,83.618,0.114,83.265,0.134,83.408,0.213,82.492,0.395,82.605,0.303,82.264,0.249,83.145,0.520,001101
1998,5,83.270,0.260,82.646,0.347,82.958,0.434,83.501,0.382,nan,nan,83.466,0.259,nan,nan,nan,nan,83.237,0.374,83.037,0.199,83.463,0.173,82.602,0.436,82.542,0.245,82.779,0.069,83.100,0.370,001101
1998,6,83.199,0.184,82.641,0.457,82.920,0.493,83.471,0.570,nan,nan,83.450,0.147,nan,nan,nan,nan,83.279,0.123,82.877,0.196,83.374,0.141,82.610,0.271,82.606,0.334,82.561,0.155,83.002,1.187,001101
1998,7,83.114,0.296,82.592,0.335,82.853,0.447,83.613,0.339,nan,nan,83.322,0.310,nan,nan,nan,nan,83.313,0.442,82.896,0.134,83.078,0.255,82.423,0.394,82.681,0.180,82.735,0.102,82.914,0.557,001101
1998,8,83.003,0.268,82.642,0.241,82.823,0.361,83.097,0.207,nan,nan,83.106,0.243,nan,nan,nan,nan,83.122,0.274,82.924,0.114,82.953,0.366,82.428,0.175,82.903,0.170,82.507,0.165,82.831,0.576,001101
1998,9,82.953,0.251,82.554,0.330,82.754,0.415,82.934,0.404,nan,nan,83.099,0.348,nan,nan,nan,nan,83.049,0.325,82.733,0.197,83.065,0.175,82.542,0.205,82.632,0.402,82.037,0.105,82.853,0.579,001101
1998,10,83.063,0.292,82.471,0.279,82.767,0.404,82.887,0.449,nan,nan,83.016,0.419,83.438,0.435,nan,nan,83.183,0.194,82.586,0.149,82.995,0.155,82.529,0.241,82.436,0.178,81.869,0.105,82.950,0.645,001101
1998,11,82.790,0.339,82.399,0.309,82.594,0.459,82.928,0.429,nan,nan,82.914,0.274,82.781,0.291,nan,nan,83.034,0.332,82.668,0.124,82.682,0.510,82.489,0.182,82.365,0.334,81.740,0.333,82.778,0.563,001101
1998,12,82.838,0.505,82.434,0.344,82.636,0.612,83.116,0.117,nan,nan,82.851,0.103,82.787,0.868,nan,nan,82.955,0.119,82.851,0.162,82.768,0.356,82.436,0.247,82.423,0.122,82.323,0.403,82.586,0.856,001101
1999,1,83.090,0.307,82.468,0.313,82.779,0.438,83.071,0.344,nan,nan,82.967,0.082,83.539,0.454,nan,nan,82.948,0.342,82.701,0.119,83.056,0.179,82.532,0.212,82.289,0.158,82.789,0.800,82.504,0.238,001101
1999,2,83.021,0.221,82.511,0.244,82.766,0.329,82.948,0.490,nan,nan,82.978,0.265,83.308,0.277,nan,nan,82.972,0.201,82.639,0.129,83.095,0.173,82.649,0.251,82.250,0.124,82.720,0.302,82.601,0.416,001101
1999,3,83.005,0.336,82.509,0.296,82.757,0.448,83.133,0.467,nan,nan,83.014,0.388,83.154,0.236,nan,nan,83.121,0.237,82.766,0.177,82.946,0.544,82.725,0.171,82.201,0.197,82.481,0.690,82.661,0.375,001101
1999,4,83.008,0.267,82.515,0.254,82.762,0.369,83.456,0.382,nan,nan,82.932,0.379,83.226,0.229,nan,nan,83.131,0.307,82.798,0.272,82.818,0.224,82.703,0.232,82.214,0.132,82.487,0.185,82.773,0.571,001101
1999,5,82.882,0.365,82.392,0.276,82.637,0.458,82.966,0.692,nan,nan,82.819,0.293,83.100,0.297,nan,nan,82.984,0.303,82.723,0.445,82.690,0.373,82.671,0.246,82.146,0.284,81.649,0.320,82.749,0.329,001101
1999,6,82.624,0.352,82.297,0.257,82.461,0.436,82.369,0.734,nan,nan,82.623,0.711,82.770,0.314,nan,nan,82.608,0.266,82.466,0.218,82.634,0.387,82.532,0.260,82.131,0.222,81.650,0.175,82.473,0.401,001101
1999,7,82.352,0.431,82.108,0.322,82.230,0.538,82.275,0.420,nan,nan,82.445,0.578,82.404,0.409,nan,nan,82.536,0.450,82.029,0.138,82.445,0.573,82.312,0.247,82.035,0.303,81.261,0.599,82.294,0.288,001101
1999,8,82.284,0.408,82.005,0.468,82.145,0.621,82.623,0.277,nan,nan,82.242,0.305,82.295,0.345,nan,nan,82.467,0.531,82.051,0.118,82.333,0.557,82.169,0.255,82.080,0.516,80.927,0.727,82.068,0.672,001101
1999,9,82.487,0.339,81.993,0.499,82.240,0.603,82.529,0.551,nan,nan,82.108,0.520,82.555,0.163,nan,nan,82.639,0.388,82.396,0.192,82.453,0.471,82.150,0.284,82.015,0.558,81.202,0.303,81.981,0.991,001101
1999,10,82.519,0.297,82.029,0.397,82.274,0.496,82.086,0.569,nan,nan,82.129,0.433,82.741,0.199,nan,nan,82.505,0.257,82.368,0.144,82.528,0.437,82.174,0.242,81.944,0.530,81.809,0.210,81.880,0.538,001101
1999,11,82.451,0.239,82.036,0.452,82.243,0.512,82.269,0.329,nan,nan,82.355,0.150,82.695,0.264,nan,nan,82.558,0.356,82.132,0.091,82.410,0.191,82.197,0.235,82.002,0.706,81.419,0.124,82.036,0.133,001101
1999,12,82.506,0.408,82.196,0.185,82.351,0.448,82.552,0.253,nan,nan,82.573,0.154,82.857,0.649,nan,nan,82.465,0.217,82.181,0.135,82.398,0.361,82.461,0.212,82.090,0.183,81.632,0.103,81.915,0.093,001101
2000,1,82.580,0.407,82.147,0.337,82.364,0.528,82.443,0.171,nan,nan,82.601,0.194,83.004,0.637,nan,nan,82.470,0.331,82.300,0.267,82.422,0.210,82.356,0.269,81.933,0.235,82.296,0.430,81.791,0.671,001101
2000,2,82.482,0.348,81.988,0.312,82.235,0.467,82.247,0.337,nan,nan,82.599,0.346,82.899,0.549,nan,nan,82.351,0.196,82.181,0.107,82.356,0.266,82.068,0.249,81.824,0.389,82.353,0.154,81.839,0.371,001101
2000,3,82.363,0.380,81.788,0.222,82.076,0.440,82.190,0.420,nan,nan,82.495,0.412,82.752,0.499,nan,nan,82.115,0.351,82.041,0.167,82.380,0.369,81.695,0.199,81.698,0.201,82.310,0.318,82.024,0.271,001101
2000,4,82.300,0.495,81.702,0.229,82.001,0.545,82.324,0.429,nan,nan,82.393,0.611,82.736,0.448,nan,nan,81.932,0.778,81.958,0.128,82.367,0.461,81.653,0.208,81.566,0.228,82.173,0.180,81.949,0.347,001101
2000,5,82.267,0.395,81.585,0.224,81.926,0.454,82.271,0.225,nan,nan,82.265,0.515,82.600,0.385,nan,nan,82.061,0.506,81.909,0.168,82.371,0.443,81.480,0.261,81.605,0.181,81.979,0.092,81.594,0.273,001101
2000,6,82.152,0.293,81.625,0.209,81.889,0.360,82.257,0.237,nan,nan,82.258,0.129,82.287,0.391,nan,nan,82.251,0.300,81.779,0.191,82.241,0.258,81.600,0.263,81.735,0.160,81.392,0.160,81.579,0.092,001101
2000,7,82.080,0.311,81.693,0.237,81.887,0.391,82.283,0.275,nan,nan,82.235,0.143,81.973,0.418,nan,nan,82.341,0.343,81.918,0.083,82.111,0.301,81.686,0.283,81.783,0.158,81.399,0.096,81.702,0.331,001101
2000,8,82.048,0.219,81.717,0.242,81.883,0.326,82.315,0.222,nan,nan,82.213,0.105,81.829,0.305,nan,nan,82.365,0.244,81.980,0.161,82.074,0.106,81.742,0.301,81.776,0.191,81.435,0.153,81.675,0.156,001101
2000,9,82.002,0.198,81.717,0.211,81.859,0.289,82.061,0.173,nan,nan,82.146,0.127,81.889,0.280,nan,nan,82.231,0.195,81.860,0.147,82.061,0.117,81.648,0.239,81.871,0.125,81.575,0.168,81.619,0.329,001101
2000,10,81.988,0.183,81.655,0.221,81.822,0.287,81.899,0.114,nan,nan,82.092,0.094,81.993,0.261,nan,nan,82.127,0.182,81.842,0.141,81.998,0.107,81.610,0.240,81.824,0.123,81.391,0.225,81.520,0.364,001101
2000,11,82.011,0.194,81.662,0.246,81.837,0.313,81.930,0.203,nan,nan,82.127,0.129,82.030,0.219,nan,nan,82.159,0.182,81.879,0.081,81.982,0.252,81.592,0.270,81.747,0.134,81.861,0.295,81.470,0.364,001101
2000,12,82.033,0.163,81.625,0.204,81.829,0.261,81.999,0.176,nan,nan,82.225,0.280,82.083,0.191,nan,nan,82.187,0.104,81.788,0.104,82.050,0.175,81.610,0.197,81.549,0.144,82.054,0.267,81.535,0.318,001101
2001,1,82.017,0.176,81.567,0.202,81.792,0.268,81.948,0.128,nan,nan,82.247,0.106,82.176,0.197,nan,nan,82.103,0.156,81.698,0.144,82.020,0.205,81.713,0.199,81.389,0.136,81.614,0.194,81.490,0.366,001101
2001,2,81.975,0.139,81.464,0.212,81.720,0.253,81.960,0.144,nan,nan,82.137,0.108,82.166,0.190,nan,nan,81.927,0.133,81.759,0.117,81.954,0.080,81.711,0.235,81.287,0.121,81.104,0.345,81.327,0.179,001101
2001,3,81.916,0.167,81.475,0.174,81.696,0.241,82.076,0.209,nan,nan,82.154,0.239,82.098,0.182,nan,nan,81.921,0.147,81.649,0.197,81.881,0.083,81.644,0.180,81.296,0.130,81.468,0.298,81.345,0.104,001101
2001,4,81.906,0.143,81.361,0.276,81.633,0.311,81.986,0.113,nan,nan,82.174,0.095,82.022,0.182,nan,nan,82.047,0.092,81.688,0.171,81.793,0.092,81.496,0.357,81.213,0.136,81.417,0.172,81.209,0.306,001101
2001,5,81.823,0.256,81.299,0.189,81.561,0.318,81.926,0.260,nan,nan,82.126,0.199,81.873,0.129,nan,nan,82.158,0.135,81.550,0.452,81.681,0.177,81.474,0.205,81.160,0.151,81.179,0.230,81.110,0.194,001101
2001,6,81.691,0.236,81.247,0.174,81.469,0.293,81.929,0.120,nan,nan,81.913,0.127,81.575,0.177,nan,nan,82.103,0.171,81.541,0.207,81.581,0.365,81.410,0.201,81.121,0.139,81.104,0.141,81.093,0.182,001101
2001,7,81.597,0.260,81.244,0.247,81.421,0.359,81.698,0.169,nan,nan,81.646,0.133,81.535,0.400,nan,nan,81.909,0.181,81.440,0.199,81.561,0.147,81.348,0.311,81.160,0.186,81.203,0.193,81.099,0.123,001101
2001,8,81.543,0.273,81.261,0.156,81.402,0.314,81.374,0.123,nan,nan,81.390,0.142,81.442,0.358,nan,nan,81.708,0.378,81.536,0.183,81.597,0.099,81.340,0.181,81.211,0.110,81.307,0.173,81.017,0.157,001101
2001,9,81.448,0.227,81.343,0.171,81.395,0.284,81.409,0.077,nan,nan,81.319,0.120,81.288,0.217,nan,nan,81.736,0.320,81.426,0.208,81.470,0.192,81.402,0.196,81.269,0.135,81.513,0.197,81.157,0.127,001101
2001,10,81.445,0.272,81.309,0.218,81.377,0.348,81.534,0.105,nan,nan,81.195,0.421,81.240,0.260,nan,nan,81.805,0.154,81.442,0.260,81.466,0.334,81.353,0.215,81.237,0.102,81.515,0.418,81.151,0.243,001101
2001,11,81.477,0.172,81.213,0.179,81.345,0.248,81.466,0.161,nan,nan,81.101,0.260,81.412,0.147,nan,nan,81.696,0.140,81.385,0.140,81.561,0.224,81.307,0.184,81.008,0.090,81.501,0.213,81.231,0.314,001101
2001,12,81.466,0.162,81.137,0.263,81.301,0.309,81.334,0.117,nan,nan,81.276,0.101,81.447,0.129,nan,nan,81.596,0.149,81.336,0.205,81.567,0.176,81.315,0.227,80.936,0.294,81.278,0.216,80.893,0.332,001101
2002,1,81.398,0.114,81.157,0.350,81.278,0.368,81.561,0.149,nan,nan,81.485,0.128,81.401,0.069,nan,nan,81.531,0.124,81.285,0.160,81.367,0.084,81.354,0.166,81.006,0.216,81.148,0.104,80.789,0.988,001101
2002,2,81.407,0.181,81.177,0.208,81.292,0.276,81.721,0.346,nan,nan,81.471,0.196,81.458,0.134,81.263,0.194,81.578,0.273,81.297,0.177,81.388,0.079,81.335,0.178,81.128,0.164,81.008,0.134,80.790,0.429,001101
2002,3,81.370,0.105,81.025,0.255,81.197,0.276,81.573,0.156,nan,nan,81.394,0.094,81.511,0.063,81.147,0.127,81.508,0.134,81.168,0.128,81.436,0.068,81.181,0.188,80.970,0.319,80.767,0.152,80.759,0.338,001101
2002,4,81.257,0.172,80.852,0.204,81.055,0.267,81.591,0.092,nan,nan,81.328,0.108,81.428,0.253,81.213,0.097,81.395,0.243,80.821,0.071,81.354,0.092,81.011,0.178,80.856,0.263,80.467,0.092,80.480,0.149,001101
2002,5,81.175,0.132,80.736,0.181,80.956,0.224,81.643,0.170,nan,nan,81.238,0.112,81.112,0.150,81.364,0.098,81.309,0.144,80.877,0.157,81.234,0.084,80.904,0.207,80.703,0.118,80.419,0.270,80.392,0.118,001101
2002,6,81.058,0.223,80.688,0.161,80.873,0.275,81.195,0.156,nan,nan,81.123,0.111,80.854,0.144,81.185,0.250,81.299,0.126,80.880,0.338,81.169,0.224,80.828,0.163,80.650,0.124,80.468,0.210,80.395,0.208,001101
2002,7,80.866,0.150,80.612,0.182,80.739,0.236,80.870,0.097,nan,nan,80.906,0.119,80.727,0.133,80.740,0.144,81.151,0.200,80.711,0.180,81.057,0.092,80.709,0.181,80.583,0.119,80.471,0.185,80.403,0.324,001101
2002,8,80.706,0.145,80.585,0.148,80.646,0.207,80.785,0.252,nan,nan,80.622,0.202,80.599,0.086,80.514,0.142,81.009,0.203,80.511,0.151,80.961,0.109,80.656,0.183,80.583,0.110,80.464,0.123,80.380,0.111,001101
2002,9,80.668,0.172,80.521,0.180,80.594,0.249,80.678,0.150,nan,nan,80.492,0.206,80.458,0.171,80.531,0.115,80.980,0.269,80.592,0.096,80.905,0.162,80.600,0.228,80.473,0.110,80.561,0.171,80.283,0.127,001101
2002,10,80.621,0.150,80.528,0.154,80.575,0.215,80.664,0.130,nan,nan,80.516,0.194,80.441,0.162,80.561,0.126,80.936,0.147,80.393,0.086,80.891,0.189,80.685,0.146,80.389,0.159,80.501,0.103,80.327,0.208,001101
2002,11,80.604,0.125,80.438,0.201,80.521,0.237,80.753,0.141,nan,nan,80.533,0.138,80.487,0.105,80.569,0.115,80.780,0.136,80.410,0.150,80.833,0.115,80.533,0.234,80.360,0.126,80.335,0.145,80.388,0.291,001101
2002,12,80.628,0.169,80.369,0.221,80.498,0.279,80.626,0.177,nan,nan,80.620,0.122,80.602,0.107,80.654,0.155,80.634,0.236,80.392,0.174,80.873,0.181,80.444,0.244,80.307,0.089,80.226,0.152,80.391,0.425,001101
2003,1,80.695,0.156,80.212,0.167,80.453,0.229,80.618,0.127,nan,nan,80.679,0.133,80.672,0.090,80.707,0.096,80.832,0.284,80.405,0.178,80.905,0.084,80.266,0.153,80.096,0.064,80.331,0.199,80.258,0.354,001101
2003,2,80.647,0.082,80.218,0.173,80.432,0.192,80.694,0.106,nan,nan,80.718,0.101,80.619,0.050,80.605,0.082,80.884,0.124,80.341,0.076,80.808,0.072,80.386,0.226,80.030,0.053,80.299,0.157,80.033,0.189,001101
2003,3,80.548,0.145,80.231,0.179,80.390,0.230,80.667,0.027,nan,nan,80.631,0.087,80.553,0.041,80.591,0.103,80.712,0.267,80.308,0.161,80.584,0.115,80.417,0.202,79.977,0.148,80.605,0.184,79.905,0.160,001101
2003,4,80.479,0.145,80.241,0.216,80.360,0.260,80.569,0.058,nan,nan,80.610,0.088,80.638,0.193,80.515,0.114,80.495,0.214,80.180,0.092,80.495,0.063,80.479,0.165,79.912,0.118,80.713,0.497,79.843,0.225,001101
2003,5,80.439,0.186,80.111,0.147,80.275,0.237,80.574,0.095,nan,nan,80.559,0.240,80.563,0.218,80.365,0.163,80.552,0.071,80.159,0.277,80.491,0.064,80.239,0.162,79.949,0.088,80.360,0.231,79.844,0.141,001101
2003,6,80.308,0.200,80.048,0.137,80.178,0.242,80.357,0.096,nan,nan,80.457,0.108,80.280,0.176,80.114,0.063,80.483,0.377,80.133,0.202,80.494,0.075,80.119,0.144,80.065,0.112,79.869,0.115,79.829,0.199,001101
2003,7,80.101,0.177,80.052,0.141,80.077,0.227,80.025,0.089,nan,nan,80.151,0.260,80.003,0.270,80.027,0.137,80.183,0.177,80.008,0.086,80.311,0.086,80.124,0.132,80.093,0.123,79.782,0.134,79.843,0.230,001101
2003,8,79.929,0.172,80.031,0.155,79.980,0.231,79.891,0.300,nan,nan,79.906,0.121,79.797,0.227,79.863,0.142,80.005,0.150,79.881,0.091,80.145,0.184,80.141,0.171,79.997,0.116,79.836,0.194,79.839,0.155,001101
2003,9,79.932,0.171,79.942,0.181,79.937,0.250,79.956,0.084,nan,nan,79.872,0.077,79.820,0.137,79.758,0.089,80.058,0.344,79.923,0.101,80.131,0.122,79.994,0.208,79.969,0.100,79.781,0.217,79.763,0.235,001101
2003,10,79.957,0.112,79.884,0.140,79.921,0.179,79.945,0.175,nan,nan,79.834,0.198,79.891,0.074,79.787,0.069,80.042,0.182,79.877,0.098,80.220,0.078,79.897,0.095,79.943,0.112,79.868,0.201,79.616,0.272,001101
2003,11,79.907,0.133,79.849,0.220,79.878,0.257,79.981,0.060,nan,nan,79.820,0.123,79.961,0.118,79.770,0.129,79.941,0.125,79.687,0.197,80.156,0.078,79.911,0.186,79.844,0.092,79.798,0.345,79.632,0.436,001101
2003,12,79.852,0.223,79.712,0.239,79.782,0.327,79.927,0.137,nan,nan,79.933,0.127,79.791,0.134,79.751,0.134,79.945,0.440,79.683,0.099,80.079,0.221,79.804,0.141,79.603,0.096,79.849,0.365,79.534,0.578,001101
2004,1,79.872,0.263,79.590,0.216,79.731,0.340,79.934,0.140,nan,nan,80.056,0.142,79.777,0.188,79.733,0.109,80.108,0.423,79.746,0.166,79.993,0.358,79.680,0.225,79.461,0.140,79.917,0.151,79.301,0.391,001101
2004,2,79.836,0.188,79.617,0.208,79.726,0.280,79.829,0.127,nan,nan,79.972,0.098,79.819,0.125,79.746,0.105,80.076,0.199,79.643,0.115,79.900,0.327,79.730,0.161,79.488,0.110,79.955,0.177,79.203,0.504,001101
2004,3,79.743,0.236,79.571,0.218,79.657,0.322,79.771,0.183,nan,nan,79.905,0.125,79.604,0.140,79.679,0.082,79.926,0.355,79.606,0.102,79.920,0.375,79.699,0.175,79.474,0.164,79.731,0.088,79.152,0.497,001101
2004,4,79.584,0.217,79.445,0.186,79.515,0.286,79.678,0.250,nan,nan,79.912,0.078,79.167,0.230,79.594,0.081,79.777,0.423,79.522,0.113,79.926,0.093,79.688,0.174,79.273,0.120,79.366,0.201,79.012,0.355,001101
2004,5,79.502,0.239,79.360,0.174,79.431,0.295,79.794,0.122,nan,nan,79.714,0.134,79.118,0.396,79.475,0.126,79.950,0.245,79.320,0.118,79.752,0.132,79.621,0.214,79.160,0.059,79.229,0.152,79.004,0.251,001101
2004,6,79.432,0.179,79.337,0.167,79.384,0.245,79.664,0.149,79.893,0.174,79.420,0.300,79.348,0.253,79.325,0.124,79.752,0.191,79.192,0.117,79.490,0.089,79.500,0.168,79.216,0.069,79.364,0.156,78.979,0.343,001101
2004,7,79.287,0.139,79.250,0.150,79.269,0.205,79.397,0.057,79.394,0.198,79.249,0.081,79.229,0.204,79.193,0.086,79.389,0.124,79.150,0.128,79.467,0.085,79.323,0.167,79.302,0.103,79.246,0.193,78.717,0.157,001101
2004,8,79.216,0.106,79.237,0.169,79.226,0.199,79.144,0.130,79.416,0.097,79.224,0.121,79.069,0.138,79.065,0.109,79.229,0.093,79.190,0.079,79.500,0.080,79.289,0.168,79.295,0.098,79.267,0.310,78.736,0.171,001101
2004,9,79.227,0.123,79.215,0.237,79.221,0.267,79.138,0.144,79.141,0.105,79.114,0.080,79.075,0.109,79.086,0.115,79.410,0.186,79.188,0.121,79.478,0.084,79.258,0.154,79.175,0.280,79.369,0.262,78.999,0.337,001101
2004,10,79.234,0.139,79.128,0.254,79.181,0.289,79.016,0.090,79.011,0.120,79.096,0.091,79.222,0.179,79.122,0.150,79.551,0.161,79.041,0.094,79.374,0.100,79.147,0.292,79.014,0.200,79.415,0.290,79.161,0.186,001101
2004,11,79.186,0.183,78.999,0.200,79.093,0.271,79.057,0.142,79.065,0.215,79.213,0.069,79.124,0.163,79.152,0.123,79.465,0.160,78.964,0.105,79.322,0.301,79.059,0.210,78.847,0.122,79.154,0.188,79.114,0.348,001101
2004,12,79.215,0.173,78.942,0.217,79.078,0.277,79.229,0.088,79.273,0.333,79.258,0.080,79.246,0.137,79.084,0.084,79.372,0.262,79.033,0.187,79.309,0.129,78.995,0.153,78.759,0.292,79.249,0.226,79.052,0.114,001101
2005,1,79.218,0.148,78.948,0.169,79.083,0.224,79.251,0.088,79.282,0.310,79.281,0.103,79.321,0.182,79.009,0.148,79.308,0.143,79.012,0.081,79.357,0.109,78.996,0.181,78.765,0.133,79.277,0.212,79.057,0.176,001101
2005,2,79.140,0.178,78.885,0.329,79.013,0.375,79.139,0.120,79.464,0.195,79.287,0.062,79.062,0.125,78.973,0.166,79.352,0.188,78.990,0.131,79.252,0.272,78.953,0.183,78.622,0.186,79.364,0.661,79.046,0.632,001101
2005,3,79.084,0.138,78.811,0.182,78.947,0.228,79.206,0.134,79.523,0.203,79.260,0.064,78.925,0.125,79.062,0.110,79.227,0.108,78.954,0.068,79.174,0.220,78.926,0.201,78.506,0.114,79.295,0.272,78.891,0.169,001101
2005,4,79.029,0.148,78.724,0.235,78.876,0.278,79.341,0.143,79.428,0.119,79.176,0.095,78.903,0.169,78.959,0.087,79.131,0.173,78.872,0.083,79.170,0.195,78.789,0.281,78.562,0.095,79.007,0.373,78.727,0.167,001101
2005,5,78.986,0.159,78.745,0.152,78.866,0.220,79.237,0.224,79.047,0.180,79.173,0.082,78.867,0.180,78.882,0.155,79.030,0.142,78.896,0.105,79.199,0.189,78.816,0.187,78.699,0.076,78.724,0.205,78.601,0.102,001101
2005,6,78.927,0.156,78.727,0.180,78.827,0.238,79.085,0.311,78.983,0.261,79.183,0.155,78.767,0.194,78.815,0.129,78.975,0.108,78.860,0.132,79.164,0.121,78.859,0.192,78.707,0.157,78.465,0.190,78.444,0.192,001101
2005,7,78.833,0.142,78.673,0.152,78.753,0.208,78.920,0.204,78.808,0.124,79.051,0.096,78.644,0.199,78.691,0.094,78.914,0.140,78.751,0.144,79.154,0.077,78.710,0.171,78.719,0.123,78.611,0.142,78.388,0.158,001101
2005,8,78.696,0.106,78.526,0.228,78.611,0.251,78.724,0.103,78.658,0.183,78.802,0.157,78.502,0.136,78.512,0.090,78.878,0.098,78.576,0.063,79.044,0.072,78.444,0.211,78.551,0.108,78.876,0.492,78.457,0.200,001101
2005,9,78.621,0.153,78.526,0.187,78.574,0.242,78.529,0.128,78.581,0.117,78.557,0.081,78.525,0.175,78.566,0.086,78.694,0.154,78.478,0.133,78.905,0.198,78.461,0.166,78.508,0.148,78.971,0.344,78.439,0.182,001101
2005,10,78.656,0.196,78.610,0.201,78.633,0.281,78.519,0.104,78.688,0.096,78.506,0.074,78.720,0.225,78.674,0.157,78.618,0.279,78.468,0.089,78.821,0.219,78.531,0.186,78.643,0.200,78.875,0.298,78.590,0.146,001101
2005,11,78.596,0.176,78.539,0.174,78.567,0.248,78.504,0.130,78.558,0.187,78.610,0.086,78.478,0.278,78.558,0.091,78.636,0.167,78.498,0.140,78.855,0.105,78.441,0.222,78.529,0.084,78.873,0.177,78.692,0.164,001101
2005,12,78.573,0.215,78.457,0.214,78.515,0.303,78.469,0.096,78.428,0.241,78.685,0.073,78.445,0.263,78.521,0.161,78.610,0.199,78.501,0.175,78.833,0.254,78.411,0.241,78.339,0.135,78.951,0.278,78.596,0.240,001101
2006,1,78.584,0.203,78.518,0.277,78.551,0.343,78.558,0.076,78.417,0.086,78.654,0.304,78.410,0.289,78.685,0.175,78.548,0.164,78.589,0.159,78.769,0.146,78.576,0.235,78.349,0.163,78.952,0.648,78.421,0.083,001101
2006,2,78.640,0.128,78.547,0.196,78.593,0.234,78.521,0.101,78.674,0.148,78.624,0.122,78.496,0.126,78.900,0.150,78.656,0.123,78.570,0.112,78.674,0.129,78.648,0.243,78.311,0.102,79.014,0.253,78.462,0.128,001101
2006,3,78.516,0.133,78.349,0.211,78.432,0.250,78.506,0.151,78.712,0.118,78.624,0.118,78.296,0.130,78.816,0.127,78.578,0.185,78.403,0.127,78.548,0.098,78.534,0.212,77.974,0.097,78.683,0.445,78.519,0.122,001101
2006,4,78.365,0.151,78.238,0.202,78.301,0.252,78.433,0.131,78.613,0.200,78.577,0.260,78.344,0.164,78.476,0.118,78.323,0.101,78.244,0.106,78.347,0.183,78.425,0.258,77.939,0.124,78.381,0.092,78.311,0.211,001101
2006,5,78.279,0.138,78.242,0.239,78.261,0.276,78.454,0.177,78.288,0.165,78.513,0.105,78.310,0.124,78.230,0.079,78.266,0.167,78.231,0.122,78.268,0.171,78.402,0.211,78.030,0.161,78.255,0.140,78.253,0.524,001101
2006,6,78.266,0.133,78.226,0.239,78.246,0.273,78.372,0.107,78.153,0.150,78.414,0.140,78.239,0.125,78.155,0.105,78.300,0.122,78.277,0.122,78.330,0.171,78.320,0.260,78.078,0.165,78.336,0.334,78.223,0.247,001101
2006,7,78.191,0.192,78.115,0.210,78.153,0.285,78.451,0.112,77.975,0.125,78.221,0.113,78.030,0.135,78.195,0.107,78.285,0.315,78.180,0.196,78.342,0.205,78.212,0.238,77.972,0.130,77.993,0.134,78.308,0.334,001101
2006,8,78.034,0.151,78.058,0.157,78.046,0.218,78.242,0.121,77.865,0.093,78.013,0.085,77.872,0.177,78.055,0.152,78.066,0.149,77.990,0.161,78.261,0.130,78.076,0.162,78.067,0.131,77.782,0.199,78.228,0.170,001101
2006,9,77.992,0.224,78.023,0.225,78.007,0.317,78.078,0.117,77.758,0.097,77.905,0.162,77.872,0.366,78.062,0.254,77.966,0.096,78.004,0.114,78.155,0.143,77.925,0.259,78.099,0.097,77.983,0.128,78.250,0.401,001101
2006,10,78.009,0.164,77.889,0.158,77.949,0.227,77.858,0.104,77.818,0.167,77.846,0.193,77.930,0.191,78.039,0.093,77.994,0.122,78.084,0.204,78.116,0.152,77.751,0.190,77.961,0.111,77.990,0.147,78.169,0.146,001101
2006,11,77.960,0.141,77.823,0.175,77.892,0.225,77.959,0.093,77.759,0.323,77.787,0.091,77.869,0.089,77.862,0.128,78.049,0.143,78.057,0.170,78.070,0.122,77.750,0.180,77.821,0.158,77.775,0.200,78.231,0.183,001101
2006,12,77.917,0.137,77.758,0.165,77.837,0.215,78.008,0.109,77.797,0.187,77.869,0.084,77.839,0.151,77.873,0.137,77.942,0.144,77.925,0.113,78.050,0.136,77.642,0.144,77.785,0.199,77.744,0.150,78.223,0.129,001101
2007,1,77.940,0.119,77.709,0.165,77.824,0.204,77.925,0.099,77.841,0.190,77.947,0.100,77.902,0.136,78.043,0.124,77.918,0.091,77.876,0.102,78.010,0.112,77.592,0.196,77.701,0.122,77.814,0.153,78.179,0.160,001101
2007,2,77.878,0.154,77.544,0.161,77.711,0.223,77.647,0.206,77.889,0.167,77.885,0.112,77.862,0.213,77.979,0.080,77.869,0.128,77.840,0.132,77.882,0.151,77.557,0.170,77.441,0.124,77.459,0.245,77.956,0.121,001101
2007,3,77.665,0.109,77.430,0.150,77.548,0.185,77.635,0.122,77.806,0.214,77.766,0.081,77.576,0.096,77.640,0.078,77.726,0.138,77.638,0.085,77.727,0.109,77.503,0.169,77.262,0.112,77.439,0.147,77.698,0.173,001101
2007,4,77.560,0.146,77.302,0.247,77.431,0.287,77.796,0.126,77.762,0.108,77.782,0.088,77.401,0.151,77.592,0.114,77.659,0.162,77.447,0.159,77.651,0.152,77.391,0.225,77.087,0.105,77.462,0.547,77.512,0.221,001101
2007,5,77.538,0.130,77.239,0.164,77.388,0.210,77.721,0.170,77.700,0.116,77.759,0.147,77.347,0.137,77.527,0.190,77.596,0.096,77.473,0.089,77.705,0.112,77.292,0.187,77.132,0.128,77.249,0.172,77.378,0.162,001101
2007,6,77.454,0.160,77.133,0.188,77.293,0.246,77.426,0.196,77.591,0.181,77.615,0.140,77.354,0.173,77.386,0.122,77.477,0.115,77.363,0.171,77.643,0.183,77.107,0.223,77.146,0.164,76.991,0.154,77.358,0.092,001101
2007,7,77.287,0.131,77.083,0.196,77.185,0.235,77.210,0.260,77.252,0.142,77.398,0.106,77.241,0.119,77.194,0.130,77.341,0.141,77.178,0.088,77.476,0.158,77.031,0.180,77.056,0.138,77.074,0.213,77.444,0.360,001101
2007,8,77.175,0.172,77.091,0.160,77.133,0.235,77.266,0.098,77.132,0.154,77.129,0.126,77.057,0.230,77.058,0.128,77.317,0.129,77.157,0.224,77.336,0.082,77.095,0.200,76.985,0.082,77.066,0.200,77.493,0.108,001101
2007,9,77.098,0.173,77.083,0.186,77.090,0.254,77.175,0.150,77.158,0.147,76.958,0.122,76.943,0.135,76.927,0.239,77.179,0.231,77.163,0.121,77.315,0.156,77.047,0.246,77.088,0.116,76.917,0.131,77.403,0.098,001101
2007,10,77.122,0.146,77.093,0.178,77.108,0.230,77.155,0.099,77.125,0.220,77.048,0.135,77.066,0.190,77.022,0.144,77.143,0.112,77.058,0.145,77.336,0.077,77.043,0.186,77.093,0.166,77.070,0.206,77.357,0.147,001101
2007,11,77.130,0.134,77.046,0.186,77.088,0.229,77.078,0.152,76.927,0.152,77.153,0.127,77.110,0.187,77.121,0.088,77.068,0.080,77.206,0.140,77.179,0.107,77.042,0.221,77.009,0.111,77.018,0.121,77.231,0.267,001101
2007,12,77.033,0.213,76.952,0.235,76.992,0.317,77.074,0.114,76.954,0.082,77.077,0.122,76.937,0.232,76.995,0.167,77.047,0.222,77.226,0.188,76.982,0.269,76.974,0.206,76.909,0.159,76.852,0.286,77.109,0.446,001101
2008,1,76.940,0.122,76.833,0.195,76.886,0.230,77.058,0.102,77.143,0.153,77.049,0.161,76.886,0.147,76.934,0.065,76.930,0.110,77.071,0.098,76.809,0.139,76.859,0.190,76.725,0.076,76.936,0.225,77.012,0.393,001101
2008,2,76.950,0.112,76.723,0.245,76.836,0.270,77.055,0.146,77.168,0.114,77.152,0.106,76.893,0.107,77.039,0.130,76.973,0.094,76.886,0.105,76.891,0.120,76.770,0.178,76.546,0.154,76.901,0.451,76.966,0.428,001101
2008,3,76.909,0.202,76.635,0.143,76.772,0.248,76.999,0.150,77.005,0.152,77.157,0.127,76.915,0.149,76.862,0.194,76.852,0.395,76.846,0.061,76.964,0.146,76.697,0.160,76.492,0.093,76.616,0.158,76.890,0.189,001101
2008,4,76.767,0.176,76.532,0.179,76.649,0.251,76.949,0.135,76.807,0.153,76.990,0.136,76.846,0.155,76.514,0.327,76.711,0.101,76.694,0.114,76.913,0.135,76.616,0.162,76.381,0.123,76.490,0.308,76.738,0.239,001101
2008,5,76.623,0.154,76.445,0.175,76.534,0.233,76.841,0.215,76.665,0.133,76.777,0.131,76.719,0.133,76.407,0.197,76.552,0.146,76.503,0.122,76.789,0.176,76.533,0.157,76.247,0.142,76.581,0.212,76.623,0.286,001101
2008,6,76.442,0.116,76.372,0.192,76.407,0.224,76.623,0.256,76.582,0.124,76.583,0.113,76.347,0.072,76.349,0.071,76.580,0.097,76.292,0.111,76.596,0.173,76.484,0.187,76.141,0.148,76.428,0.158,76.646,0.335,001101
2008,7,76.319,0.232,76.394,0.126,76.356,0.264,76.445,0.249,76.632,0.106,76.480,0.221,75.991,0.355,76.262,0.091,76.543,0.112,76.286,0.098,76.517,0.292,76.461,0.140,76.195,0.088,76.483,0.171,76.721,0.124,001101
2008,8,76.233,0.183,76.355,0.191,76.294,0.265,76.224,0.172,76.567,0.081,76.441,0.131,75.811,0.185,76.201,0.095,76.418,0.082,76.314,0.138,76.446,0.312,76.308,0.148,76.292,0.086,76.570,0.125,76.588,0.487,001101
2008,9,76.266,0.151,76.302,0.198,76.284,0.248,76.129,0.280,76.551,0.118,76.393,0.167,76.000,0.167,76.204,0.129,76.321,0.147,76.306,0.052,76.493,0.194,76.183,0.164,76.322,0.177,76.607,0.086,76.475,0.398,001101
2008,10,76.277,0.145,76.226,0.155,76.251,0.212,76.206,0.145,76.576,0.175,76.418,0.238,76.150,0.157,76.105,0.087,76.376,0.132,76.209,0.133,76.473,0.152,76.173,0.107,76.176,0.179,76.461,0.129,76.425,0.251,001101
2008,11,76.290,0.114,76.182,0.174,76.236,0.208,76.287,0.134,76.498,0.131,76.406,0.198,76.110,0.120,76.116,0.081,76.398,0.125,76.249,0.099,76.540,0.103,76.218,0.194,76.067,0.107,76.200,0.081,76.414,0.300,001101
2008,12,76.239,0.183,76.043,0.191,76.141,0.264,76.225,0.092,76.441,0.099,76.421,0.188,76.098,0.182,76.124,0.072,76.344,0.086,76.224,0.088,76.357,0.333,76.151,0.210,75.857,0.097,75.902,0.062,76.367,0.366,001101
2009,1,76.239,0.167,76.002,0.207,76.121,0.266,76.216,0.115,76.445,0.108,76.439,0.241,76.159,0.078,76.224,0.136,76.367,0.162,76.128,0.087,76.275,0.288,76.141,0.233,75.780,0.120,75.823,0.010,76.353,0.372,001101
2009,2,76.261,0.186,75.981,0.187,76.121,0.263,76.312,0.090,76.334,0.185,76.549,0.118,76.244,0.108,76.255,0.088,76.430,0.081,76.037,0.084,76.287,0.378,76.097,0.165,75.781,0.191,75.974,0.282,76.174,0.132,001101
2009,3,76.160,0.132,75.917,0.174,76.039,0.218,76.398,0.108,76.227,0.153,76.441,0.096,76.092,0.148,76.092,0.131,76.391,0.133,75.987,0.132,76.185,0.111,76.083,0.225,75.699,0.089,75.930,0.169,75.932,0.136,001101
2009,4,76.082,0.175,75.811,0.156,75.947,0.234,76.341,0.131,76.218,0.180,76.312,0.101,76.074,0.169,75.992,0.108,76.302,0.320,75.902,0.111,76.060,0.116,75.990,0.188,75.550,0.090,75.937,0.170,75.806,0.162,001101
2009,5,75.980,0.132,75.802,0.158,75.891,0.205,76.387,0.079,76.206,0.200,76.153,0.170,75.867,0.177,76.009,0.142,76.144,0.080,75.782,0.065,76.037,0.114,75.873,0.156,75.644,0.052,76.010,0.235,75.834,0.279,001101
2009,6,75.983,0.160,75.787,0.226,75.885,0.277,76.294,0.124,76.136,0.142,76.110,0.158,75.841,0.194,76.026,0.113,76.127,0.195,75.848,0.056,76.057,0.189,75.766,0.225,75.743,0.080,76.114,0.451,75.717,0.243,001101
2009,7,75.938,0.125,75.798,0.179,75.868,0.219,76.054,0.096,76.014,0.063,76.039,0.085,75.749,0.110,75.972,0.122,76.094,0.161,75.918,0.125,75.992,0.133,75.780,0.136,75.796,0.135,76.031,0.366,75.649,0.207,001101
2009,8,75.919,0.375,75.837,0.170,75.878,0.412,75.905,0.056,75.947,0.109,75.961,0.091,75.897,0.662,75.798,0.144,76.009,0.053,75.944,0.408,75.935,0.126,75.848,0.136,75.830,0.182,76.025,0.063,75.613,0.300,001101
2009,9,75.830,0.256,75.838,0.144,75.834,0.294,75.879,0.060,75.877,0.169,75.866,0.074,75.797,0.292,75.695,0.486,75.873,0.075,75.812,0.203,75.940,0.057,75.794,0.099,75.906,0.141,75.935,0.073,75.690,0.305,001101
2009,10,75.821,0.224,75.757,0.213,75.789,0.309,75.761,0.061,75.820,0.060,75.872,0.081,75.766,0.248,75.773,0.326,75.880,0.125,75.766,0.259,75.932,0.157,75.713,0.239,75.812,0.177,75.837,0.081,75.684,0.288,001101
2009,11,75.771,0.135,75.743,0.180,75.757,0.225,75.732,0.039,75.773,0.060,75.849,0.060,75.642,0.191,75.870,0.198,75.735,0.057,75.778,0.099,75.863,0.086,75.700,0.089,75.772,0.228,75.909,0.158,75.663,0.289,001101
2009,12,75.729,0.253,75.704,0.187,75.717,0.314,75.815,0.077,75.811,0.109,75.796,0.131,75.657,0.118,75.660,0.060,75.615,0.543,75.837,0.274,75.820,0.074,75.747,0.194,75.644,0.187,75.896,0.124,75.528,0.203,001101
2010,1,75.711,0.210,75.617,0.190,75.664,0.283,75.817,0.073,75.750,0.097,75.798,0.152,75.629,0.052,75.586,0.105,75.619,0.490,75.807,0.111,75.857,0.108,75.622,0.156,75.649,0.251,75.626,0.100,75.465,0.137,001101
2010,2,75.686,0.165,75.520,0.270,75.603,0.316,75.758,0.061,75.679,0.085,75.811,0.099,75.655,0.103,75.554,0.084,75.637,0.281,75.746,0.227,75.776,0.092,75.544,0.236,75.542,0.349,75.414,0.076,75.432,0.206,001101
2010,3,75.634,0.160,75.461,0.325,75.548,0.362,75.753,0.058,75.642,0.098,75.773,0.062,75.636,0.083,75.653,0.061,75.533,0.368,75.615,0.048,75.675,0.111,75.456,0.212,75.488,0.471,75.494,0.139,75.346,0.228,001101
2010,4,75.572,0.146,75.346,0.138,75.459,0.201,75.752,0.089,75.629,0.184,75.763,0.057,75.650,0.158,75.628,0.083,75.363,0.271,75.487,0.067,75.610,0.076,75.365,0.165,75.330,0.105,75.418,0.109,75.242,0.130,001101
2010,5,75.476,0.120,75.223,0.158,75.349,0.199,75.645,0.058,75.571,0.114,75.737,0.044,75.425,0.075,75.553,0.041,75.282,0.250,75.444,0.094,75.570,0.081,75.119,0.221,75.351,0.040,75.265,0.092,75.191,0.130,001101
2010,6,75.362,0.365,75.201,0.363,75.282,0.515,75.460,0.049,75.513,0.097,75.564,0.092,75.256,0.655,75.369,0.158,75.209,0.338,75.398,0.241,75.493,0.057,75.108,0.520,75.316,0.084,75.177,0.199,75.248,0.180,001101
2010,7,75.264,0.309,75.227,0.188,75.245,0.362,75.280,0.071,75.337,0.084,75.293,0.344,75.217,0.227,75.217,0.364,75.166,0.433,75.263,0.401,75.417,0.065,75.190,0.250,75.294,0.090,75.156,0.112,75.231,0.174,001101
2010,8,75.111,0.219,75.198,0.204,75.155,0.299,75.135,0.049,75.083,0.203,75.093,0.052,75.013,0.240,75.072,0.372,75.060,0.275,75.129,0.044,75.300,0.051,75.233,0.279,75.184,0.093,75.164,0.148,75.115,0.107,001101
2010,9,75.014,0.129,75.069,0.189,75.041,0.229,75.035,0.032,74.941,0.321,75.014,0.045,74.828,0.159,74.944,0.085,75.051,0.177,75.069,0.041,75.236,0.059,75.006,0.264,75.134,0.055,75.140,0.119,75.047,0.138,001101
2010,10,75.043,0.229,75.063,0.099,75.053,0.250,74.992,0.064,75.082,0.232,75.045,0.202,74.952,0.198,74.933,0.217,75.010,0.133,75.056,0.399,75.259,0.051,75.062,0.101,75.076,0.082,75.053,0.096,75.027,0.141,001101
2010,11,75.065,0.254,75.040,0.143,75.053,0.292,74.932,0.050,75.162,0.389,75.050,0.052,75.053,0.383,75.003,0.119,75.037,0.194,75.012,0.287,75.203,0.081,75.042,0.198,75.038,0.062,75.064,0.056,75.010,0.102,001101
2010,12,74.995,0.130,74.928,0.136,74.962,0.188,74.969,0.079,75.111,0.265,75.009,0.103,74.863,0.121,74.957,0.078,74.998,0.095,75.066,0.118,75.095,0.169,74.888,0.166,74.985,0.118,75.000,0.065,74.835,0.089,001101
2011,1,74.999,0.124,74.821,0.156,74.910,0.199,75.040,0.046,74.978,0.330,74.984,0.067,75.039,0.104,74.880,0.131,74.964,0.094,75.002,0.122,75.073,0.100,74.752,0.197,74.905,0.107,74.870,0.109,74.786,0.126,001101
2011,2,75.021,0.123,74.797,0.164,74.909,0.205,75.020,0.026,75.054,0.207,74.950,0.139,75.218,0.133,74.883,0.109,74.935,0.093,74.891,0.115,75.094,0.125,74.834,0.209,74.751,0.066,74.802,0.094,74.787,0.222,001101
2011,3,74.947,0.119,74.649,0.107,74.798,0.160,74.920,0.067,75.067,0.333,74.810,0.131,75.050,0.137,74.823,0.056,74.939,0.077,74.846,0.076,75.031,0.109,74.688,0.125,74.580,0.052,74.677,0.068,74.689,0.178,001101
2011,4,74.808,0.141,74.549,0.193,74.678,0.240,74.903,0.078,74.953,0.223,74.761,0.084,74.661,0.193,74.754,0.115,74.850,0.147,74.832,0.072,74.953,0.121,74.596,0.201,74.522,0.096,74.482,0.077,74.489,0.400,001101
2011,5,74.703,0.201,74.483,0.225,74.593,0.302,74.880,0.083,74.801,0.185,74.790,0.091,74.581,0.052,74.722,0.308,74.679,0.119,74.663,0.301,74.844,0.163,74.560,0.181,74.420,0.185,74.460,0.107,74.375,0.487,001101
2011,6,74.626,0.207,74.453,0.325,74.540,0.385,74.756,0.063,74.687,0.230,74.726,0.075,74.549,0.156,74.606,0.297,74.527,0.074,74.622,0.304,74.777,0.142,74.497,0.341,74.424,0.139,74.507,0.503,74.299,0.471,001101
2011,7,74.558,0.374,74.393,0.234,74.475,0.441,74.606,0.074,74.559,0.152,74.527,0.073,74.436,0.616,74.445,0.332,74.560,0.227,74.588,0.345,74.776,0.139,74.363,0.212,74.457,0.079,74.413,0.392,74.272,0.421,001101
2011,8,74.484,0.220,74.423,0.305,74.454,0.376,74.496,0.057,74.483,0.220,74.390,0.086,74.404,0.248,74.340,0.117,74.588,0.220,74.399,0.322,74.721,0.137,74.373,0.396,74.524,0.106,74.402,0.206,74.312,0.380,001101
2011,9,74.469,0.118,74.408,0.275,74.438,0.299,74.412,0.087,74.466,0.338,74.309,0.092,74.511,0.098,74.363,0.072,74.517,0.077,74.312,0.096,74.663,0.135,74.410,0.364,74.435,0.065,74.387,0.128,74.314,0.363,001101
2011,10,74.438,0.218,74.341,0.371,74.390,0.430,74.343,0.067,74.394,0.432,74.307,0.107,74.385,0.362,74.416,0.088,74.459,0.076,74.376,0.072,74.617,0.179,74.301,0.447,74.396,0.298,74.347,0.095,74.321,0.401,001101
2011,11,74.428,0.218,74.246,0.307,74.337,0.376,74.382,0.053,74.459,0.637,74.459,0.186,74.282,0.234,74.395,0.248,74.464,0.107,74.469,0.071,74.559,0.174,74.200,0.374,74.287,0.151,74.177,0.078,74.377,0.485,001101
2011,12,74.393,0.172,74.175,0.331,74.284,0.373,74.418,0.103,74.551,0.493,74.500,0.156,74.226,0.206,74.284,0.063,74.471,0.140,74.445,0.149,74.515,0.086,74.092,0.428,74.232,0.130,74.265,0.230,74.262,0.405,001101
2012,1,74.376,0.178,74.095,0.224,74.235,0.286,74.355,0.053,74.496,0.199,74.397,0.097,74.262,0.158,74.270,0.108,74.462,0.199,74.414,0.289,74.468,0.073,74.047,0.278,74.109,0.077,74.313,0.182,74.045,0.323,001101
2012,2,74.318,0.133,74.086,0.194,74.202,0.235,74.345,0.048,74.433,0.298,74.311,0.084,74.172,0.111,74.236,0.060,74.460,0.064,74.309,0.219,74.439,0.071,74.067,0.222,74.142,0.105,74.171,0.105,73.876,0.334,001101
2012,3,74.348,0.197,74.105,0.348,74.227,0.400,74.375,0.066,74.382,0.362,74.388,0.058,74.226,0.180,74.321,0.097,74.462,0.265,74.328,0.263,74.431,0.083,74.231,0.357,74.085,0.287,73.898,0.225,73.800,0.559,001101
2012,4,74.292,0.235,73.983,0.326,74.138,0.402,74.350,0.067,74.311,0.360,74.357,0.066,74.209,0.121,74.295,0.077,74.423,0.269,74.198,0.427,74.360,0.066,74.096,0.237,73.961,0.400,73.896,0.084,73.621,0.498,001101
2012,5,74.077,0.233,73.834,0.267,73.955,0.354,74.216,0.095,74.194,0.300,74.236,0.080,73.816,0.133,74.051,0.248,74.251,0.226,74.079,0.391,74.210,0.080,73.853,0.266,73.849,0.064,73.933,0.266,73.586,0.570,001101
2012,6,73.848,0.182,73.743,0.214,73.795,0.281,73.959,0.061,74.086,0.362,74.010,0.061,73.435,0.159,73.852,0.087,74.079,0.089,73.862,0.312,74.069,0.095,73.663,0.233,73.895,0.180,73.734,0.225,73.564,0.229,001101
2012,7,73.760,0.225,73.692,0.304,73.726,0.379,73.740,0.093,73.865,0.314,73.809,0.074,73.469,0.126,73.627,0.186,74.004,0.061,73.736,0.445,74.034,0.060,73.623,0.303,73.853,0.055,73.642,0.142,73.471,0.710,001101
2012,8,73.713,0.244,73.638,0.238,73.675,0.340,73.696,0.056,73.750,0.365,73.663,0.251,73.659,0.170,73.475,0.368,73.905,0.297,73.601,0.232,73.935,0.086,73.558,0.222,73.810,0.121,73.708,0.130,73.305,0.536,001101
2012,9,73.704,0.325,73.646,0.234,73.675,0.401,73.646,0.044,73.725,0.515,73.587,0.166,73.668,0.175,73.532,0.629,73.801,0.101,73.647,0.359,73.895,0.110,73.570,0.245,73.760,0.043,73.865,0.122,73.351,0.521,001101
2012,10,73.699,0.276,73.565,0.307,73.632,0.412,73.576,0.094,73.691,0.473,73.590,0.073,73.687,0.105,73.635,0.348,73.754,0.061,73.659,0.441,73.800,0.230,73.520,0.373,73.603,0.101,73.827,0.174,73.367,0.507,001101
2012,11,73.716,0.216,73.535,0.267,73.626,0.344,73.615,0.056,73.648,0.507,73.657,0.073,73.708,0.061,73.628,0.211,73.810,0.052,73.689,0.318,73.784,0.230,73.448,0.176,73.642,0.066,73.742,0.138,73.337,0.754,001101
2012,12,73.697,0.157,73.490,0.297,73.594,0.336,73.627,0.050,73.683,0.067,73.687,0.075,73.646,0.121,73.665,0.103,73.762,0.069,73.644,0.225,73.798,0.221,73.425,0.152,73.587,0.184,73.607,0.064,73.320,0.830,001101
2013,1,73.729,0.096,73.398,0.374,73.564,0.386,73.591,0.027,73.665,0.096,73.683,0.085,73.772,0.070,73.680,0.130,73.693,0.086,73.679,0.076,73.831,0.122,73.421,0.209,73.401,0.391,73.466,0.071,73.208,0.830,001101
2013,2,73.667,0.097,73.305,0.327,73.486,0.341,73.600,0.043,73.657,0.127,73.661,0.105,73.771,0.107,73.583,0.076,73.572,0.107,73.591,0.093,73.769,0.088,73.388,0.302,73.266,0.301,73.308,0.073,73.056,0.588,001101
2013,3,73.621,0.200,73.292,0.283,73.456,0.347,73.650,0.052,73.597,0.097,73.635,0.071,73.707,0.356,73.585,0.089,73.510,0.063,73.509,0.174,73.741,0.113,73.358,0.167,73.336,0.306,73.176,0.062,72.927,0.599,001101
2013,4,73.491,0.220,73.237,0.375,73.364,0.435,73.607,0.038,73.637,0.100,73.568,0.153,73.477,0.146,73.481,0.206,73.415,0.054,73.445,0.430,73.567,0.084,73.371,0.236,73.197,0.491,73.136,0.055,72.859,0.563,001101
2013,5,73.343,0.334,73.180,0.437,73.262,0.550,73.567,0.066,73.616,0.107,73.512,0.111,73.245,0.247,73.345,0.522,73.314,0.279,73.372,0.387,73.344,0.299,73.305,0.364,73.138,0.535,73.069,0.094,72.853,0.549,001101
2013,6,73.177,0.263,73.157,0.211,73.167,0.337,73.444,0.150,73.452,0.143,73.386,0.101,73.021,0.263,73.145,0.245,73.222,0.201,73.201,0.354,73.213,0.270,73.210,0.118,73.170,0.171,73.059,0.090,72.962,0.533,001101
2013,7,73.088,0.175,73.110,0.155,73.099,0.234,73.344,0.106,73.200,0.188,73.201,0.094,72.902,0.179,73.011,0.256,73.148,0.207,73.103,0.057,73.247,0.151,73.158,0.106,73.113,0.069,73.095,0.162,72.882,0.395,001101
2013,8,73.034,0.275,73.070,0.135,73.052,0.306,73.152,0.063,73.022,0.325,73.037,0.064,72.859,0.185,72.983,0.614,73.046,0.181,73.103,0.076,73.210,0.061,73.112,0.126,73.058,0.067,73.152,0.165,72.831,0.269,001101
2013,9,73.001,0.156,73.040,0.217,73.020,0.267,72.916,0.046,73.000,0.147,72.962,0.057,72.907,0.276,72.899,0.091,72.983,0.093,73.006,0.082,73.228,0.094,73.088,0.271,73.052,0.085,72.917,0.178,72.893,0.291,001101
2013,10,72.939,0.129,72.974,0.198,72.956,0.237,72.842,0.072,73.024,0.189,72.896,0.041,72.828,0.073,72.809,0.169,72.982,0.162,72.898,0.084,73.192,0.155,73.026,0.179,72.991,0.147,72.838,0.158,72.803,0.395,001101
2013,11,72.928,0.170,72.979,0.242,72.953,0.296,72.963,0.095,73.035,0.124,72.933,0.139,72.749,0.265,72.885,0.086,72.960,0.147,72.907,0.183,73.155,0.051,73.025,0.133,73.006,0.292,72.907,0.256,72.728,0.385,001101
2013,12,72.942,0.093,72.915,0.210,72.928,0.229,73.049,0.088,72.963,0.150,73.049,0.088,72.792,0.096,72.962,0.076,72.929,0.099,72.985,0.084,73.044,0.091,72.950,0.123,72.891,0.211,72.897,0.097,72.859,0.463,001101
2014,1,72.941,0.184,72.811,0.228,72.876,0.293,73.019,0.089,73.085,0.184,73.101,0.083,72.867,0.104,72.918,0.089,72.904,0.174,72.939,0.208,73.009,0.294,72.908,0.249,72.684,0.116,72.779,0.097,72.856,0.437,001101
2014,2,72.940,0.135,72.727,0.192,72.834,0.235,73.077,0.043,73.019,0.142,73.040,0.070,72.902,0.087,72.957,0.103,72.867,0.235,72.884,0.155,73.039,0.077,72.833,0.149,72.599,0.199,72.834,0.114,72.588,0.348,001101
2014,3,72.919,0.169,72.704,0.216,72.811,0.274,73.059,0.039,72.841,0.313,72.978,0.059,72.911,0.234,72.935,0.048,72.826,0.193,72.866,0.162,73.034,0.077,72.764,0.138,72.691,0.257,72.644,0.211,72.527,0.325,001101
2014,4,72.837,0.155,72.534,0.215,72.685,0.265,72.969,0.073,72.795,0.120,72.926,0.051,72.841,0.191,72.819,0.081,72.738,0.116,72.766,0.244,72.972,0.066,72.578,0.196,72.513,0.191,72.429,0.139,72.512,0.388,001101
2014,5,72.732,0.214,72.406,0.150,72.569,0.261,72.867,0.103,72.843,0.135,72.894,0.031,72.635,0.251,72.712,0.316,72.688,0.091,72.673,0.256,72.891,0.101,72.452,0.164,72.360,0.136,72.346,0.090,72.424,0.178,001101
2014,6,72.633,0.252,72.429,0.101,72.531,0.271,72.801,0.109,72.850,0.087,72.784,0.064,72.467,0.361,72.665,0.366,72.666,0.181,72.527,0.180,72.798,0.081,72.459,0.133,72.446,0.060,72.271,0.072,72.387,0.070,001101
2014,7,72.537,0.153,72.491,0.141,72.514,0.208,72.724,0.122,72.807,0.365,72.630,0.116,72.361,0.167,72.491,0.118,72.564,0.178,72.522,0.120,72.693,0.082,72.491,0.163,72.535,0.099,72.365,0.189,72.463,0.100,001101
2014,8,72.490,0.250,72.463,0.147,72.476,0.290,72.600,0.089,72.639,0.087,72.513,0.074,72.359,0.348,72.403,0.378,72.453,0.131,72.550,0.131,72.648,0.187,72.405,0.172,72.528,0.126,72.488,0.142,72.470,0.091,001101
2014,9,72.475,0.220,72.419,0.143,72.447,0.263,72.508,0.063,72.434,0.067,72.452,0.089,72.413,0.382,72.360,0.102,72.411,0.122,72.572,0.080,72.614,0.220,72.365,0.183,72.474,0.091,72.422,0.110,72.467,0.109,001101
2014,10,72.441,0.163,72.425,0.137,72.433,0.214,72.414,0.043,72.445,0.057,72.388,0.070,72.325,0.267,72.446,0.077,72.380,0.197,72.495,0.064,72.590,0.111,72.348,0.170,72.499,0.096,72.436,0.125,72.501,0.104,001101
2014,11,72.411,0.152,72.394,0.253,72.402,0.295,72.394,0.082,72.399,0.238,72.377,0.067,72.245,0.077,72.486,0.104,72.294,0.311,72.507,0.090,72.572,0.095,72.333,0.341,72.442,0.112,72.487,0.246,72.402,0.093,001101
2014,12,72.386,0.140,72.310,0.138,72.348,0.196,72.408,0.059,72.256,0.460,72.363,0.073,72.331,0.093,72.398,0.099,72.280,0.187,72.417,0.076,72.530,0.078,72.315,0.180,72.299,0.072,72.327,0.135,72.312,0.092,001101
2015,1,72.404,0.203,72.229,0.156,72.316,0.255,72.477,0.043,72.278,0.539,72.423,0.048,72.520,0.243,72.262,0.080,72.306,0.223,72.335,0.042,72.537,0.196,72.309,0.137,72.140,0.180,72.180,0.128,72.228,0.165,001101
2015,2,72.384,0.141,72.173,0.186,72.278,0.234,72.547,0.070,72.386,0.176,72.504,0.068,72.464,0.240,72.306,0.055,72.274,0.082,72.320,0.074,72.456,0.117,72.252,0.135,72.058,0.254,72.138,0.153,72.258,0.116,001101
2015,3,72.340,0.206,72.141,0.127,72.240,0.242,72.547,0.073,72.385,0.129,72.496,0.068,72.345,0.255,72.407,0.099,72.215,0.240,72.323,0.274,72.333,0.112,72.157,0.137,72.113,0.121,72.108,0.104,72.198,0.115,001101
2015,4,72.266,0.178,72.118,0.267,72.192,0.321,72.430,0.076,72.360,0.150,72.433,0.064,72.244,0.188,72.282,0.092,72.166,0.191,72.228,0.282,72.324,0.067,72.153,0.360,72.071,0.182,72.053,0.078,72.192,0.074,001101
2015,5,72.171,0.176,72.022,0.296,72.097,0.344,72.344,0.056,72.325,0.258,72.336,0.070,72.085,0.111,72.071,0.219,72.143,0.250,72.131,0.198,72.339,0.086,71.989,0.402,72.067,0.141,71.963,0.250,72.078,0.113,001101
2015,6,72.046,0.206,71.847,0.233,71.946,0.311,72.245,0.085,72.058,0.124,72.179,0.100,71.876,0.106,71.971,0.344,72.133,0.073,72.040,0.323,72.208,0.064,71.687,0.325,72.026,0.103,71.757,0.092,72.029,0.143,001101
2015,7,71.969,0.112,71.794,0.126,71.882,0.169,72.058,0.042,71.874,0.106,71.986,0.088,71.776,0.166,71.962,0.089,72.070,0.066,71.975,0.060,72.141,0.123,71.595,0.176,72.012,0.046,71.718,0.080,72.002,0.070,001101
2015,8,71.923,0.178,71.828,0.126,71.876,0.218,71.857,0.057,71.964,0.272,71.849,0.052,71.731,0.084,71.995,0.349,71.999,0.070,71.940,0.066,72.042,0.195,71.762,0.167,71.879,0.066,71.743,0.076,72.044,0.113,001101
2015,9,71.877,0.138,71.828,0.190,71.853,0.234,71.763,0.040,72.074,0.132,71.775,0.088,71.735,0.045,71.913,0.075,71.921,0.158,71.946,0.024,71.916,0.263,71.806,0.261,71.860,0.099,71.690,0.054,71.963,0.122,001101
2015,10,71.806,0.086,71.724,0.163,71.765,0.184,71.725,0.066,71.907,0.277,71.811,0.059,71.700,0.061,71.812,0.049,71.854,0.060,71.858,0.064,71.827,0.097,71.643,0.217,71.785,0.076,71.709,0.153,71.899,0.095,001101
2015,11,71.792,0.105,71.700,0.154,71.746,0.186,71.873,0.054,71.784,0.363,71.959,0.083,71.760,0.091,71.817,0.057,71.808,0.083,71.748,0.072,71.802,0.074,71.653,0.179,71.673,0.068,71.829,0.269,71.896,0.055,001101
2015,12,71.828,0.110,71.690,0.172,71.759,0.204,71.947,0.097,71.948,0.015,72.137,0.076,71.815,0.139,71.974,0.077,71.850,0.087,71.673,0.083,71.754,0.145,71.695,0.215,71.556,0.046,71.901,0.272,71.940,0.091,001101
2016,1,71.865,0.135,71.709,0.206,71.787,0.246,71.897,0.037,72.084,0.504,72.104,0.081,71.865,0.135,71.935,0.091,71.900,0.045,71.742,0.062,71.797,0.086,71.730,0.291,71.609,0.097,71.759,0.078,71.926,0.058,001101
2016,2,71.837,0.117,71.715,0.173,71.776,0.209,71.842,0.050,71.935,0.370,71.953,0.113,71.790,0.086,71.829,0.065,71.881,0.053,71.830,0.085,71.826,0.139,71.784,0.150,71.607,0.222,71.714,0.029,71.786,0.151,001101
2016,3,71.799,0.113,71.676,0.186,71.737,0.218,71.897,0.059,71.720,0.156,71.889,0.105,71.802,0.073,71.769,0.063,71.817,0.058,71.821,0.054,71.771,0.213,71.846,0.124,71.522,0.118,71.534,0.175,71.586,0.457,001101
2016,4,71.724,0.152,71.542,0.161,71.633,0.221,71.830,0.057,71.666,0.080,71.888,0.045,71.719,0.052,71.706,0.072,71.758,0.119,71.724,0.315,71.684,0.069,71.698,0.127,71.401,0.073,71.418,0.218,71.449,0.356,001101
2016,5,71.573,0.146,71.399,0.159,71.486,0.215,71.689,0.068,71.571,0.049,71.791,0.046,71.462,0.182,71.633,0.188,71.585,0.120,71.608,0.124,71.561,0.127,71.473,0.172,71.339,0.038,71.290,0.275,71.386,0.198,001101
2016,6,71.453,0.216,71.317,0.130,71.385,0.252,71.528,0.399,71.440,0.186,71.635,0.169,71.311,0.266,71.509,0.071,71.458,0.231,71.476,0.282,71.514,0.087,71.343,0.122,71.293,0.050,71.211,0.294,71.396,0.079,001101
2016,7,71.383,0.121,71.249,0.085,71.316,0.148,71.424,0.059,71.320,0.300,71.443,0.166,71.414,0.110,71.298,0.156,71.366,0.078,71.340,0.050,71.464,0.106,71.242,0.102,71.260,0.037,71.113,0.120,71.385,0.081,001101
2016,8,71.305,0.177,71.250,0.203,71.277,0.269,71.334,0.059,71.209,0.406,71.290,0.265,71.293,0.251,71.170,0.039,71.346,0.140,71.317,0.043,71.406,0.143,71.256,0.130,71.249,0.227,71.119,0.372,71.356,0.131,001101
2016,9,71.216,0.337,71.263,0.163,71.240,0.374,71.196,0.044,71.038,0.326,71.234,0.093,71.100,0.611,71.249,0.065,71.295,0.305,71.236,0.045,71.288,0.192,71.319,0.107,71.240,0.234,71.088,0.116,71.268,0.091,001101
2016,10,71.210,0.246,71.220,0.409,71.215,0.477,71.062,0.116,71.056,0.229,71.194,0.057,71.070,0.095,71.188,0.100,71.376,0.077,71.186,0.519,71.343,0.145,71.278,0.565,71.173,0.199,71.099,0.255,71.245,0.144,001101
2016,11,71.251,0.149,71.087,0.156,71.169,0.216,71.165,0.035,71.223,0.214,71.227,0.100,71.196,0.215,71.122,0.172,71.420,0.130,71.202,0.060,71.358,0.093,71.088,0.193,71.056,0.086,71.089,0.087,71.199,0.211,001101
2016,12,71.289,0.127,71.032,0.095,71.161,0.159,71.305,0.083,71.384,0.140,71.280,0.212,71.221,0.079,71.215,0.043,71.466,0.214,71.247,0.064,71.315,0.147,71.036,0.091,70.977,0.073,71.070,0.084,71.178,0.168,001101
2017,1,71.255,0.174,70.977,0.132,71.116,0.219,71.300,0.083,71.330,0.458,71.302,0.343,71.180,0.080,71.266,0.052,71.408,0.299,71.228,0.072,71.212,0.064,71.025,0.167,70.884,0.078,71.015,0.085,71.052,0.143,001101
2017,2,71.178,0.162,70.938,0.272,71.058,0.317,71.211,0.110,71.191,0.515,71.250,0.238,71.033,0.092,71.153,0.059,71.339,0.251,71.189,0.066,71.218,0.058,71.009,0.376,70.834,0.124,70.956,0.093,70.970,0.199,001101
2017,3,71.148,0.179,70.833,0.124,70.990,0.218,71.180,0.039,71.201,0.417,71.229,0.149,71.045,0.109,71.111,0.031,71.287,0.364,71.133,0.054,71.177,0.073,70.886,0.100,70.736,0.138,70.836,0.103,70.941,0.181,001101
2017,4,71.095,0.288,70.767,0.206,70.931,0.354,71.136,0.250,71.241,0.415,71.149,0.214,71.027,0.106,71.110,0.073,71.232,0.645,71.022,0.045,71.081,0.198,70.840,0.152,70.630,0.292,70.739,0.116,70.954,0.085,001101
2017,5,71.013,0.262,70.723,0.230,70.868,0.349,71.057,0.044,71.081,0.589,71.053,0.181,70.936,0.076,70.967,0.063,71.257,0.583,70.965,0.039,70.969,0.037,70.800,0.306,70.595,0.146,70.729,0.147,70.824,0.105,001101
2017,6,70.968,0.236,70.747,0.184,70.858,0.299,70.906,0.040,70.912,0.671,70.948,0.139,70.883,0.078,70.868,0.090,71.351,0.471,70.911,0.044,70.928,0.074,70.804,0.115,70.687,0.245,70.732,0.184,70.716,0.185,001101
2017,7,70.865,0.264,70.701,0.111,70.783,0.287,70.815,0.057,70.889,0.621,70.849,0.087,70.747,0.114,70.699,0.070,71.205,0.427,70.821,0.039,70.919,0.353,70.726,0.122,70.673,0.053,70.705,0.113,70.686,0.185,001101
2017,8,70.721,0.219,70.654,0.230,70.687,0.318,70.778,0.069,70.751,0.184,70.767,0.092,70.543,0.217,70.590,0.098,70.887,0.136,70.749,0.367,70.867,0.179,70.668,0.141,70.614,0.341,70.636,0.096,70.754,0.147,001101
2017,9,70.672,0.098,70.664,0.220,70.668,0.241,70.686,0.054,70.666,0.069,70.723,0.044,70.520,0.057,70.554,0.056,70.768,0.216,70.734,0.050,70.810,0.053,70.666,0.224,70.642,0.264,70.606,0.058,70.794,0.094,001101
2017,10,70.701,0.244,70.685,0.130,70.693,0.277,70.578,0.110,70.695,0.137,70.706,0.095,70.616,0.076,70.636,0.047,70.914,0.602,70.689,0.104,70.710,0.035,70.685,0.162,70.689,0.079,70.610,0.151,70.748,0.077,001101
2017,11,70.696,0.159,70.677,0.213,70.687,0.266,70.538,0.040,70.695,0.113,70.689,0.160,70.648,0.189,70.668,0.071,70.979,0.293,70.615,0.027,70.647,0.089,70.687,0.304,70.663,0.057,70.676,0.133,70.685,0.088,001101
2017,12,70.688,0.175,70.597,0.144,70.642,0.226,70.677,0.077,70.798,0.063,70.709,0.174,70.581,0.046,70.650,0.064,70.924,0.423,70.624,0.045,70.698,0.062,70.612,0.194,70.561,0.051,70.633,0.147,70.618,0.082,001101
2018,1,70.681,0.258,70.511,0.216,70.596,0.337,70.755,0.519,70.808,0.166,70.751,0.120,70.516,0.313,70.654,0.063,70.845,0.488,70.651,0.062,70.758,0.042,70.546,0.316,70.453,0.044,70.477,0.037,70.602,0.089,001101
2018,2,70.671,0.214,70.463,0.126,70.567,0.249,70.688,0.048,70.610,0.093,70.701,0.215,70.533,0.253,70.655,0.047,70.833,0.430,70.712,0.033,70.690,0.050,70.533,0.144,70.396,0.111,70.315,0.044,70.527,0.146,001101
2018,3,70.644,0.161,70.413,0.160,70.529,0.227,70.569,0.075,70.504,0.253,70.628,0.070,70.578,0.076,70.604,0.036,70.783,0.368,70.717,0.069,70.616,0.052,70.515,0.137,70.337,0.175,70.231,0.105,70.405,0.234,001101
2018,4,70.558,0.143,70.342,0.154,70.450,0.210,70.569,0.046,70.553,0.079,70.533,0.060,70.529,0.061,70.451,0.050,70.723,0.337,70.580,0.061,70.530,0.080,70.454,0.170,70.261,0.067,70.212,0.078,70.251,0.299,001101
2018,5,70.432,0.141,70.315,0.182,70.373,0.230,70.490,0.045,70.516,0.374,70.497,0.086,70.363,0.085,70.392,0.048,70.603,0.243,70.391,0.125,70.415,0.047,70.435,0.104,70.234,0.219,70.176,0.035,70.187,0.340,001101
2018,6,70.295,0.160,70.269,0.120,70.282,0.200,70.363,0.102,70.331,0.318,70.344,0.122,70.174,0.051,70.251,0.042,70.440,0.170,70.299,0.073,70.335,0.281,70.369,0.122,70.222,0.125,70.125,0.068,70.123,0.137,001101
2018,7,70.199,0.141,70.205,0.218,70.202,0.260,70.230,0.184,70.123,0.338,70.175,0.045,70.111,0.059,70.103,0.046,70.301,0.079,70.208,0.129,70.318,0.229,70.296,0.320,70.148,0.023,70.067,0.053,70.124,0.086,001101
2018,8,70.133,0.219,70.188,0.091,70.160,0.237,70.051,0.070,69.975,0.296,70.008,0.059,70.115,0.407,69.989,0.037,70.233,0.113,70.137,0.036,70.259,0.133,70.305,0.103,70.095,0.053,70.051,0.072,70.115,0.139,001101
2018,9,70.071,0.084,70.166,0.143,70.119,0.166,69.939,0.036,70.093,0.241,69.942,0.139,70.023,0.073,69.980,0.048,70.194,0.061,70.045,0.094,70.169,0.033,70.258,0.205,70.107,0.040,70.051,0.081,70.076,0.056,001101
2018,10,70.031,0.239,70.075,0.273,70.053,0.363,69.932,0.047,70.026,0.302,69.957,0.037,69.914,0.134,69.985,0.162,70.143,0.074,70.014,0.489,70.167,0.041,70.145,0.392,70.020,0.110,70.034,0.075,69.986,0.053,001101
2018,11,70.040,0.129,70.017,0.107,70.029,0.167,69.964,0.175,70.000,0.146,70.006,0.045,69.970,0.102,70.014,0.245,70.137,0.123,69.983,0.075,70.152,0.048,70.103,0.141,69.957,0.036,69.932,0.124,69.923,0.068,001101
2018,12,70.039,0.100,69.964,0.289,70.001,0.306,69.962,0.050,69.995,0.124,70.043,0.045,69.988,0.061,69.982,0.032,70.100,0.061,70.013,0.192,70.142,0.068,70.060,0.354,69.872,0.275,69.940,0.058,69.869,0.040,001101
2019,1,70.002,0.196,69.909,0.188,69.956,0.271,69.956,0.025,70.046,0.208,69.996,0.085,70.011,0.333,69.958,0.110,70.031,0.190,69.930,0.124,70.073,0.049,69.991,0.159,69.802,0.244,69.950,0.148,69.876,0.079,001101
2019,2,69.959,0.136,69.849,0.270,69.904,0.302,70.001,0.042,69.958,0.105,69.994,0.082,69.960,0.052,69.937,0.035,69.958,0.113,69.859,0.279,70.066,0.061,69.993,0.063,69.685,0.443,69.807,0.104,69.820,0.061,001101
2019,3,69.933,0.091,69.768,0.294,69.850,0.308,70.032,0.062,70.001,0.274,70.011,0.043,69.927,0.080,69.894,0.029,69.979,0.036,69.816,0.070,70.007,0.116,69.947,0.420,69.615,0.119,69.576,0.096,69.684,0.090,001101
2019,4,69.868,0.146,69.676,0.136,69.772,0.199,70.013,0.059,69.958,0.118,69.971,0.249,69.861,0.073,69.818,0.047,69.877,0.265,69.795,0.176,69.925,0.037,69.880,0.149,69.531,0.036,69.447,0.173,69.478,0.229,001101
2019,5,69.780,0.165,69.661,0.158,69.721,0.229,69.889,0.717,69.805,0.088,69.873,0.492,69.801,0.080,69.735,0.036,69.808,0.187,69.720,0.055,69.791,0.058,69.911,0.152,69.494,0.047,69.338,0.230,69.432,0.301,001101
2019,6,69.674,0.129,69.591,0.160,69.632,0.206,69.705,0.109,69.613,0.394,69.728,0.150,69.689,0.019,69.626,0.039,69.738,0.179,69.635,0.039,69.676,0.149,69.774,0.130,69.480,0.024,69.337,0.181,69.403,0.391,001101
2019,7,69.552,0.146,69.541,0.181,69.546,0.232,69.512,0.257,69.453,0.665,69.563,0.049,69.521,0.044,69.449,0.039,69.673,0.085,69.537,0.054,69.614,0.054,69.631,0.219,69.475,0.034,69.445,0.079,69.459,0.325,001101
2019,8,69.455,0.171,69.498,0.254,69.476,0.306,69.349,0.358,69.322,0.750,69.401,0.093,69.346,0.074,69.342,0.065,69.595,0.085,69.470,0.074,69.608,0.051,69.578,0.318,69.441,0.035,69.376,0.096,69.451,0.431,001101
2019,9,69.382,0.184,69.474,0.268,69.428,0.325,69.264,0.381,69.264,0.762,69.338,0.060,69.254,0.074,69.262,0.048,69.519,0.180,69.397,0.034,69.564,0.095,69.600,0.393,69.391,0.032,69.256,0.056,69.411,0.119,001101
2019,10,69.341,0.170,69.407,0.146,69.374,0.224,69.227,0.355,69.266,0.714,69.304,0.071,69.252,0.092,69.225,0.047,69.440,0.132,69.352,0.036,69.491,0.085,69.524,0.210,69.355,0.049,69.207,0.043,69.252,0.056,001101
2019,11,69.311,0.173,69.360,0.113,69.335,0.207,69.240,0.279,69.340,0.594,69.324,0.151,69.275,0.121,69.191,0.048,69.364,0.166,69.291,0.054,69.430,0.173,69.498,0.163,69.242,0.029,69.299,0.056,69.205,0.047,001101
2019,12,69.297,0.140,69.245,0.099,69.271,0.172,69.209,0.248,69.391,0.496,69.321,0.221,69.244,0.088,69.223,0.022,69.342,0.098,69.286,0.040,69.382,0.133,69.355,0.125,69.135,0.075,69.258,0.070,69.116,0.051,001101
2020,1,69.255,0.145,69.143,0.070,69.199,0.161,69.243,0.151,69.371,0.470,69.256,0.262,69.201,0.047,69.242,0.030,69.249,0.080,69.241,0.042,69.330,0.195,69.269,0.087,69.015,0.041,69.127,0.085,69.035,0.041,001101
2020,2,69.215,0.066,69.097,0.058,69.156,0.087,69.271,0.023,69.247,0.032,69.191,0.164,69.178,0.043,69.236,0.019,69.197,0.115,69.191,0.038,69.276,0.046,69.275,0.074,68.945,0.032,68.961,0.037,68.962,0.063,001101
2020,3,69.168,0.052,69.073,0.063,69.121,0.081,69.287,0.035,69.263,0.052,69.193,0.058,69.186,0.060,69.164,0.010,69.114,0.072,69.145,0.015,69.177,0.064,69.344,0.083,68.839,0.030,68.859,0.060,68.881,0.036,000101
2020,4,69.165,0.098,69.009,0.101,69.087,0.141,69.210,0.017,69.251,0.052,69.167,0.027,69.185,0.018,69.116,0.013,69.116,0.190,69.199,0.048,69.161,0.138,69.248,0.146,68.819,0.026,68.791,0.031,68.808,0.050,000101
2020,5,69.129,0.076,68.910,0.053,69.019,0.093,69.169,0.022,69.153,0.021,69.134,0.035,69.126,0.032,69.077,0.021,69.059,0.023,69.157,0.026,69.192,0.168,69.076,0.065,68.794,0.023,68.704,0.075,68.761,0.038,000101
2020,6,69.071,0.059,68.863,0.076,68.967,0.096,69.124,0.032,68.987,0.045,69.104,0.057,69.107,0.032,69.031,0.018,68.986,0.049,69.036,0.035,69.170,0.113,68.962,0.101,68.808,0.015,68.716,0.031,68.743,0.101,000101
2020,7,68.992,0.047,68.862,0.107,68.927,0.117,69.017,0.033,68.835,0.036,68.977,0.041,68.968,0.071,69.016,0.023,68.965,0.062,68.969,0.013,69.085,0.029,68.971,0.127,68.790,0.022,68.750,0.065,68.735,0.194,000101
2020,8,68.914,0.054,68.860,0.093,68.887,0.108,68.864,0.029,68.774,0.026,68.791,0.124,68.860,0.060,68.886,0.033,68.977,0.041,68.922,0.023,69.008,0.069,68.976,0.105,68.775,0.030,68.706,0.062,68.780,0.177,000101
2020,9,68.839,0.045,68.829,0.094,68.834,0.104,68.757,0.038,68.774,0.056,68.706,0.046,68.788,0.032,68.763,0.050,68.904,0.047,68.864,0.019,68.937,0.067,68.990,0.092,68.700,0.022,68.620,0.030,68.766,0.223,000101
2020,10,68.811,0.096,68.769,0.131,68.790,0.162,68.772,0.030,68.861,0.048,68.684,0.028,68.798,0.020,68.697,0.061,68.871,0.223,68.841,0.020,68.861,0.071,68.910,0.157,68.647,0.018,68.640,0.035,68.693,0.244,000101
2020,11,68.771,0.077,68.713,0.094,68.742,0.121,68.747,0.045,68.849,0.045,68.675,0.039,68.719,0.030,68.717,0.033,68.814,0.063,68.842,0.030,68.783,0.157,68.791,0.049,68.637,0.022,68.682,0.057,68.651,0.277,000101
2020,12,68.715,0.078,68.678,0.170,68.697,0.187,68.729,0.036,68.839,0.080,68.648,0.138,68.692,0.035,68.681,0.038,68.715,0.058,68.745,0.033,68.730,0.143,68.733,0.224,68.629,0.027,68.618,0.035,68.664,0.249,000101
2021,1,68.665,0.061,68.630,0.080,68.647,0.100,68.697,0.031,68.728,0.032,68.682,0.145,68.616,0.021,68.664,0.018,68.634,0.033,68.658,0.085,68.737,0.078,68.697,0.090,68.534,0.010,68.591,0.030,68.712,0.165,000101
2021,2,68.654,0.076,68.598,0.150,68.626,0.168,68.722,0.033,68.690,0.032,68.748,0.112,68.601,0.032,68.608,0.028,68.646,0.040,68.658,0.024,68.726,0.155,68.741,0.117,68.440,0.023,68.494,0.160,68.617,0.378,000101
2021,3,68.624,0.068,68.569,0.137,68.596,0.153,68.658,0.011,68.618,0.078,68.750,0.136,68.583,0.032,68.555,0.031,68.621,0.031,68.642,0.035,68.685,0.124,68.748,0.141,68.386,0.015,68.408,0.048,68.565,0.319,000101
2021,4,68.563,0.091,68.511,0.128,68.537,0.157,68.608,0.019,68.614,0.067,68.642,0.210,68.557,0.027,68.488,0.019,68.513,0.043,68.571,0.046,68.632,0.170,68.673,0.135,68.348,0.043,68.304,0.037,68.566,0.276,000101
2021,5,68.503,0.079,68.382,0.140,68.443,0.161,68.584,0.023,68.544,0.085,68.535,0.066,68.509,0.039,68.450,0.024,68.415,0.050,68.518,0.027,68.573,0.161,68.477,0.169,68.243,0.019,68.257,0.023,68.586,0.264,000101
2021,6,68.433,0.092,68.290,0.188,68.362,0.210,68.513,0.030,68.388,0.065,68.390,0.131,68.465,0.043,68.347,0.026,68.446,0.085,68.424,0.036,68.473,0.177,68.346,0.090,68.214,0.045,68.201,0.051,68.406,0.570,000101
2021,7,68.308,0.078,68.252,0.090,68.280,0.119,68.324,0.054,68.247,0.025,68.172,0.124,68.252,0.087,68.304,0.077,68.414,0.051,68.295,0.032,68.350,0.106,68.264,0.119,68.239,0.051,68.248,0.020,68.245,0.084,000101
2021,8,68.213,0.095,68.231,0.101,68.222,0.139,68.128,0.033,68.160,0.079,68.001,0.090,68.094,0.029,68.219,0.072,68.325,0.081,68.257,0.027,68.291,0.185,68.280,0.089,68.192,0.032,68.201,0.060,68.174,0.250,000101
2021,9,68.155,0.168,68.151,0.190,68.153,0.253,68.056,0.015,68.160,0.044,67.919,0.083,68.025,0.035,68.140,0.073,68.226,0.078,68.190,0.026,68.301,0.373,68.290,0.262,67.971,0.070,68.114,0.035,68.195,0.186,000101
2021,10,68.137,0.128,68.083,0.179,68.110,0.220,68.075,0.015,68.142,0.039,67.955,0.046,68.071,0.062,68.045,0.036,68.217,0.042,68.098,0.028,68.315,0.282,68.186,0.247,67.935,0.045,68.048,0.051,68.178,0.188,000101
2021,11,68.127,0.096,68.084,0.118,68.105,0.152,68.071,0.018,68.144,0.023,67.983,0.039,68.098,0.035,68.084,0.031,68.138,0.046,68.082,0.037,68.268,0.211,68.113,0.126,68.029,0.045,68.056,0.090,68.181,0.235,000101
2021,12,68.118,0.072,68.044,0.133,68.081,0.151,68.135,0.038,68.164,0.042,68.066,0.041,68.132,0.017,68.065,0.018,68.061,0.081,68.071,0.041,68.237,0.141,68.067,0.142,67.995,0.017,67.994,0.058,68.165,0.292,000101
2022,1,68.057,0.065,68.056,0.104,68.057,0.123,68.199,0.043,68.183,0.067,68.133,0.055,68.013,0.032,68.048,0.052,67.987,0.128,68.016,0.028,68.163,0.058,68.149,0.145,67.968,0.051,67.917,0.028,68.083,0.058,000101
2022,2,68.033,0.052,68.075,0.107,68.054,0.119,68.167,0.032,68.191,0.044,68.113,0.043,67.999,0.041,67.981,0.016,67.966,0.078,68.033,0.028,68.107,0.077,68.245,0.109,67.947,0.090,67.869,0.025,67.960,0.180,000101
2022,3,68.001,0.063,68.021,0.082,68.011,0.103,68.026,0.025,68.153,0.062,68.052,0.047,67.971,0.060,67.961,0.016,67.985,0.117,68.010,0.031,68.028,0.058,68.278,0.079,67.805,0.046,67.808,0.037,67.828,0.177,000101
2022,4,67.955,0.044,67.933,0.115,67.944,0.123,68.004,0.019,68.161,0.062,68.060,0.054,67.921,0.030,67.935,0.032,67.955,0.049,67.920,0.056,67.978,0.042,68.233,0.147,67.656,0.043,67.745,0.018,67.735,0.166,000101
2022,5,67.908,0.043,67.916,0.128,67.912,0.135,67.934,0.034,68.012,0.040,68.067,0.034,67.882,0.030,67.952,0.041,67.863,0.030,67.890,0.015,67.901,0.076,68.166,0.167,67.691,0.044,67.756,0.023,67.726,0.181,000101
2022,6,67.873,0.044,67.790,0.175,67.832,0.180,67.891,0.040,67.910,0.067,67.938,0.076,67.937,0.021,67.877,0.060,67.788,0.048,67.874,0.020,67.832,0.047,67.954,0.233,67.637,0.055,67.686,0.044,67.692,0.226,000101
2022,7,67.738,0.054,67.679,0.084,67.708,0.100,67.779,0.056,67.717,0.050,67.776,0.045,67.753,0.037,67.734,0.026,67.763,0.041,67.710,0.023,67.720,0.101,67.742,0.093,67.616,0.017,67.603,0.040,67.695,0.175,000101
2022,8,67.621,0.098,67.644,0.076,67.633,0.124,67.624,0.027,67.585,0.035,67.602,0.041,67.551,0.135,67.598,0.049,67.708,0.043,67.605,0.025,67.685,0.157,67.658,0.086,67.627,0.041,67.574,0.038,67.716,0.133,000101
2022,9,67.599,0.085,67.618,0.092,67.608,0.125,67.522,0.041,67.448,0.032,67.520,0.028,67.494,0.030,67.578,0.021,67.642,0.171,67.616,0.033,67.751,0.109,67.612,0.096,67.615,0.030,67.600,0.035,67.676,0.199,000101
2022,10,67.569,0.042,67.590,0.078,67.580,0.089,67.557,0.026,67.493,0.023,67.492,0.035,67.539,0.025,67.552,0.022,67.579,0.069,67.554,0.023,67.665,0.061,67.688,0.062,67.500,0.019,67.460,0.040,67.598,0.207,000101
2022,11,67.530,0.043,67.571,0.089,67.551,0.099,67.543,0.043,67.546,0.083,67.539,0.031,67.479,0.055,67.549,0.025,67.543,0.032,67.458,0.028,67.637,0.048,67.738,0.104,67.418,0.020,67.330,0.015,67.596,0.174,000101
2022,12,67.478,0.041,67.544,0.129,67.511,0.135,67.483,0.020,67.580,0.046,67.569,0.087,67.441,0.041,67.505,0.017,67.541,0.041,67.407,0.039,nan,nan,67.672,0.110,67.405,0.037,67.421,0.073,67.577,0.325,000101
2023,1,67.442,0.049,67.526,0.114,67.484,0.124,67.504,0.015,67.580,0.032,67.562,0.165,67.393,0.025,67.465,0.031,67.473,0.043,67.397,0.032,nan,nan,67.642,0.119,67.363,0.032,67.440,0.040,67.667,0.252,000101
2023,2,67.407,0.045,67.583,0.087,67.495,0.098,67.496,0.030,67.535,0.046,67.555,0.128,67.355,0.047,67.420,0.027,67.393,0.036,67.406,0.019,nan,nan,67.890,0.117,67.254,0.038,67.350,0.030,nan,nan,000101
2023,3,67.384,0.052,67.614,0.103,67.499,0.115,67.460,0.053,67.520,0.025,67.568,0.174,67.304,0.044,67.386,0.036,67.365,0.024,67.422,0.028,nan,nan,67.942,0.135,67.195,0.029,nan,nan,nan,nan,000101
2023,4,67.317,0.057,67.402,0.026,67.360,0.062,67.495,0.027,nan,nan,67.566,0.214,67.254,0.036,67.313,0.019,67.327,0.024,67.320,0.028,nan,nan,67.633,0.033,67.107,0.011,nan,nan,nan,nan,000101
2023,5,67.226,0.063,67.230,0.088,67.228,0.109,67.310,0.014,nan,nan,67.472,0.255,67.190,0.005,67.175,0.018,67.250,0.039,67.230,0.022,nan,nan,67.332,0.116,67.100,0.020,nan,nan,nan,nan,000101
2023,6,67.062,0.083,67.094,0.045,67.078,0.095,67.350,0.015,nan,nan,67.288,0.338,66.840,0.032,67.200,0.035,67.068,0.022,67.148,0.024,nan,nan,67.155,0.050,67.017,0.039,nan,nan,nan,nan,000101
2023,7,66.991,0.064,nan,nan,nan,nan,nan,nan,nan,nan,67.333,0.215,nan,nan,66.950,0.030,66.975,0.014,66.960,0.019,nan,nan,66.990,0.020,nan,nan,nan,nan,nan,nan,000101
